id,name3,host_id,host_name,neighbourhood_group,neighbourhood,latitude3,longitude3,room_type3,low_price,minimum_nights3,number_of_reviews3,reviews_per_month,calculated_host_listings_count,availability_365
20952986,Private room in Melbourne Bundoora,94564454,Rayan,,Banyule,-37.69633666,145.061047,Private room,19,7,1,0.07,3,0
21069325,Backyard private bungalow,48109919,Lucky And Vish,,Banyule,-37.74108574,145.0524654,Entire home/apt,25,1,27,1.84,2,0
21031463,Cosy private room with double bed.,48109919,Lucky And Vish,,Banyule,-37.73967006,145.0540196,Private room,25,2,21,1.47,2,0
13240832,A cozy and quiet place.,72191437,Kiyomi,,Banyule,-37.74292965,145.0516818,Private room,28,1,1,0.03,1,0
214565,Warm and inviting cottage in the North East,1107678,Helen,,Banyule,-37.71369993,145.1238011,Private room,30,1,0,,1,0
28985273,Nice bright and clean,172761989,Stacey,,Banyule,-37.70096654,145.0700023,Private room,30,1,10,5.08,2,357
19171839,Beautiful two bedroom house,72957111,Hanieh,,Banyule,-37.73548826,145.0487901,Private room,30,2,2,2,2,12
7152295,"F- Austin Hosp, LaTrobe Uni, 1hr by bus to CBD.",28611521,Francis,,Banyule,-37.7397648,145.0461722,Private room,30,7,3,0.21,2,250
14718187,Large Room for rent with Amenities,91596250,Martina,,Banyule,-37.73510489,145.0590096,Private room,30,30,6,0.24,1,127
5516578,"D - Austin Hosp, LaTrobe Uni, 1hr by bus to CBD.",28611521,Francis,,Banyule,-37.73982933,145.0470639,Private room,32,4,24,0.56,2,250
8394057,"Nice, quiet location close to beach",44229140,Josef,,Bayside,-37.94640231,145.0287962,Private room,25,1,1,0.03,1,0
20015703,Private Bedroom +  Bathroom,31620872,Carla,,Bayside,-37.94656312,145.0207304,Private room,36,13,1,0.07,2,0
5687337,Double Bedroom in Highett,29489600,Madison,,Bayside,-37.95139942,145.0413501,Private room,40,1,0,,1,0
16298257,Cozy master room,106630739,Sanket,,Bayside,-37.89719143,145.003601,Private room,40,1,30,1.24,1,340
20751629,Home Away From Home! Single Private Ensuite.,8743186,Janis,,Bayside,-37.95227829,145.0390315,Private room,42,2,62,4.5,1,156
65432,Garden Views,277353,Loretta,,Bayside,-37.9297903,145.0254793,Private room,43,2,42,0.44,3,337
10272580,Beach Side Retreat,40531568,Dominic,,Bayside,-37.95698921,145.0422944,Private room,46,1,0,,1,0
18076964,Private Room and Bathroom in Hampton East,45335231,Andrina,,Bayside,-37.9386997,145.0251662,Private room,46,1,20,0.99,1,333
58055,By the park,277353,Loretta,,Bayside,-37.92959204,145.0256775,Private room,46,2,18,0.19,3,278
17481261,Single bed in the hottest part of Brighton,80389079,Jeff,,Bayside,-37.89574895,144.9995,Private room,46,2,38,1.8,1,108
6855196,Room in Camberwell Available,35925193,Hannah,,Boroondara,-37.84612522,145.070894,Private room,12,1,0,,1,0
18550926,Modern Artists Retreat. 25 minutes from the city.,4213897,Daniel,,Boroondara,-37.82635258,145.095163,Entire home/apt,12,2,26,1.36,1,13
4515410,Easy Self Check-In | TWIN,11111637,Wei & Ting,,Boroondara,-37.80962699,145.0992157,Private room,14,1,210,4.27,3,80
6786688,Easy Self Check-In | DOUBLE,11111637,Wei & Ting,,Boroondara,-37.8090584,145.0979125,Private room,14,1,236,5.57,3,65
9263414,Easy Self Check-In | ENSUITE,11111637,Wei & Ting,,Boroondara,-37.80843534,145.0991003,Private room,14,1,225,6.36,3,72
7060419,"Room for two people, easy transport",37024203,Manoj,,Boroondara,-37.84672755,145.0950478,Private room,19,1,0,,1,0
26319040,One of the best communities in Melbourne NO.1,138180430,Jason,,Boroondara,-37.81211846,145.0917724,Private room,19,2,0,,5,173
20560827,Room for rent at beautiful sharehouse :),146845800,Matt,,Boroondara,-37.8527337,145.0647393,Private room,25,5,2,0.13,1,0
16139639,Room in Hawthorn for 1 person,105303021,Harshad,,Boroondara,-37.82091908,145.0377744,Shared room,25,7,0,,1,0
12311052,2 month home stay in Surrey Hills,66395083,Penny,,Boroondara,-37.82823334,145.0882006,Private room,29,1,0,,1,0
16405287,A clean room for short stay,44617840,Simon,,Brimbank,-37.79090757,144.8419624,Private room,28,1,24,1.03,5,350
20276328,15 minutes to airport and 30 minutes to CBD,138872243,Serif,,Brimbank,-37.73759226,144.8059593,Private room,28,3,15,1.37,2,242
8583407,The room for traveller in the West,44617840,Simon,,Brimbank,-37.79029417,144.8420761,Private room,30,1,40,1.36,5,336
12524423,"WALKING,STATION 12MIN,30MIN TO CITY",67845964,Stan,,Brimbank,-37.74114765,144.8084643,Private room,30,1,0,,1,0
13735598,Cosy Room with own bath room.,24023612,Leonard,,Brimbank,-37.77836201,144.8226413,Private room,30,1,17,0.62,1,0
13932998,A nice room in western suburb,44617840,Simon,,Brimbank,-37.7905651,144.8420351,Private room,30,1,31,1.1,5,357
16147057,Room to share in a furnished House,49986556,ThiLee,,Brimbank,-37.72526704,144.7793973,Private room,30,1,27,1.27,1,90
19851795,Warm room in the West,44617840,Simon,,Brimbank,-37.789239,144.8403239,Private room,30,1,8,0.48,5,365
7017645,Cheap home close train station,36785676,Penny,,Brimbank,-37.78949475,144.8234376,Private room,35,1,0,,1,0
29326982,Queen-size Private Bedroom near Melb Airport,201805004,Landon,,Brimbank,-37.76530758,144.8255602,Private room,35,1,8,4.71,4,362
17161684,Cosy single room for two!,115438902,Charles / Patricia,,Cardinia,-38.08419719,145.4760349,Private room,30,1,6,0.28,1,0
10534169,"Peaceful, Relaxing, Quite & Private",17280888,Sam,,Cardinia,-38.07671633,145.4294177,Private room,48,1,8,0.24,2,365
17333284,"Central Beaconsfield, separate private space.",116916951,Gillian,,Cardinia,-38.05099045,145.3761713,Private room,58,1,72,3.43,1,36
18828399,"Cozy queen size bedroom, close to train and shops",131111889,Jesvin,,Cardinia,-38.07063794,145.4489466,Private room,60,2,2,0.39,2,309
18828490,"Room close to train station,  lake & shops",131111889,Jesvin,,Cardinia,-38.07156261,145.4484451,Private room,60,2,10,1.07,2,309
10475404,Lake Getaway & Home away Home!!,17280888,Sam,,Cardinia,-38.07525377,145.4325248,Private room,61,1,11,0.32,2,365
6178248,Beautiful home with a view :),31058644,Trev & Shanna,,Cardinia,-38.05632773,145.5125572,Private room,65,1,39,0.94,1,0
16520511,home close to park and bus stop and train.,108625927,Ann,,Cardinia,-38.07883285,145.4694537,Private room,65,1,15,0.71,1,65
16302573,The Gembrook Guest House,106665348,Linden,,Cardinia,-37.9544719,145.5534699,Private room,66,1,12,0.5,1,0
11199015,New home with everything you need - Room 1 of 2,58311905,Heidi,,Cardinia,-38.05886887,145.437777,Private room,68,1,25,1.08,2,325
4570052,Cranbourne - fully self contained Studio Apartment,8291258,Trevor,,Casey,-38.09073706,145.2543834,Entire home/apt,18,1,18,3.18,1,136
18350904,Heart of Endeavour hills,46704750,Xiaobo,,Casey,-37.96859911,145.2679473,Private room,29,1,12,2.35,1,63
18935444,"Cosy, Peaceful Private Retreat",131602638,Sulali & Denver,,Casey,-38.06622935,145.259728,Private room,30,1,18,0.97,2,189
20001725,Two Single room rent,112291471,Junjun,,Casey,-37.98893236,145.2639089,Private room,35,3,1,0.07,1,365
15670519,"Bright room in beautiful Timbarra, Berwick",81832767,Trish,,Casey,-38.01792865,145.3253431,Private room,40,1,2,0.37,1,66
16758886,Resort Living in Melbourne - Green Room,63279141,Leonhard,,Casey,-38.10670403,145.3035005,Private room,40,1,32,1.52,3,361
20645856,"New house, 1 room Including all utilities.",54473919,Kaz,,Casey,-38.07013163,145.3325668,Private room,40,14,3,0.2,1,159
28216086,"Deluxe Queen Room - 55"" TV Netflix - FAST WIFI",213118783,Brendon,,Casey,-38.10983418,145.2365559,Private room,42,1,6,2.57,1,122
7191025,Charming bedroom for 2,37652327,Max,,Casey,-37.97414684,145.2727422,Private room,42,2,11,0.31,4,310
9124255,Room with 2 single beds.,47535493,Seng Siew,,Casey,-38.01350835,145.3072431,Private room,43,1,42,1.14,1,341
18254658,With private bathroom 350m to train & 25min to CBD,125610375,Wei M,,Darebin,-37.74823395,145.0013655,Private room,12,1,62,3.14,2,79
16338263,Private room in friendly spacious share house,101910006,Ada,,Darebin,-37.73571363,144.9849105,Private room,19,2,2,0.09,1,0
18438418,Sweet home with a sweet little room just for YOU!,127807886,Nerida,,Darebin,-37.72573347,145.0092453,Private room,19,3,0,,1,0
14057864,Bright and large room in Fairfield,48462471,Alberto,,Darebin,-37.76763999,145.0217291,Private room,19,7,0,,1,0
7207612,Sublet in Northcote Sharehouse,37741609,Ned,,Darebin,-37.76568591,145.0079845,Private room,19,12,0,,1,0
4016089,Comfort in convenient location,20823485,John,,Darebin,-37.71107585,145.0049158,Private room,22,1,10,0.25,1,292
7959317,Furnished private room with Wifi access,41697811,Johan-Gauri,,Darebin,-37.71702314,145.020011,Private room,25,1,4,0.11,1,23
19396183,Large Room in Thornbury,22284542,Omar,,Darebin,-37.75537452,145.0039097,Private room,25,1,0,,1,0
13627156,SUBLET Room in Dreamy Preston Bungalow,4209017,Chloe,,Darebin,-37.74899717,144.9873589,Private room,25,20,0,,1,0
16055822,Light filled room in Thornbury with huge backyard,104562296,Caitlin,,Darebin,-37.76373735,145.0185951,Private room,26,3,2,0.08,1,0
10146625,"real bed - nice & big ""deck"" under covered-bayside",48123266,Marilyn,,Frankston,-38.14007472,145.1342895,Private room,24,1,14,0.39,4,364
13873970,frankston CBD @bargain price in the clean house,48123266,Marilyn,,Frankston,-38.14157893,145.1353472,Private room,25,1,15,0.64,4,89
21441042,The secret stay,35811993,Heather,,Frankston,-38.16094905,145.1309976,Shared room,26,1,2,0.15,4,0
21000547,"Quietsville 2: close to beach, shops, bus",15207756,Steve,,Frankston,-38.08878812,145.1296758,Private room,29,1,43,3.08,2,74
10439682,Frankston room,53781361,Lynda,,Frankston,-38.16599656,145.1597096,Private room,30,1,0,,1,0
18916763,"Quietsville, 5 mins walk beach, hotel, bus, shops",15207756,Steve,,Frankston,-38.08925701,145.1281345,Private room,37,1,68,3.7,2,66
9263776,"safe, clean tidy in updated house in frankston cbd",48123266,Marilyn,,Frankston,-38.14056544,145.1360939,Private room,39,1,16,0.44,4,73
21551924,Gateway to Frankston Beach & Mornington Pennisula,156703739,Shirley,,Frankston,-38.12474676,145.1435046,Private room,40,1,1,0.16,1,0
11778972,Quiet property. Close to beach,43898592,Robert,,Frankston,-38.11004126,145.1505938,Private room,44,2,27,0.84,1,338
18477895,Happy house,89646538,Lesley,,Frankston,-38.18342133,145.1373821,Private room,46,1,11,0.62,1,339
20918813,"Convenient, modern apartment",150225273,David,,Glen Eira,-37.9328574,145.0386322,Private room,19,1,7,0.58,1,15
12836094,Huge shareroom in Ripponlea!,69745509,Millie,,Glen Eira,-37.87648378,144.9993756,Shared room,22,7,0,,1,0
16740277,Cheapest and great location (close to everything)!,40366713,Kunal,,Glen Eira,-37.90143696,145.0435257,Private room,25,1,7,0.31,1,155
17571483,Close to station.train and shops,50141295,Anna,,Glen Eira,-37.88959453,145.0137121,Shared room,25,1,4,0.19,1,0
19367651,Cozy orrong house,45403796,Michael,,Glen Eira,-37.86548993,145.010513,Private room,25,2,1,0.06,1,0
3094430,Cosy Room in a house for 3 ,15736128,Christoph,,Glen Eira,-37.89870789,145.0368665,Private room,26,1,0,,1,0
20055355,"Single Ensuite Room at Caulfield East, Melbourne",102279313,Chia,,Glen Eira,-37.88086229,145.0480433,Private room,28,1,1,0.08,1,0
17947139,welcome to our home now!,123142824,Yu,,Glen Eira,-37.92146413,145.0524854,Private room,28,4,8,0.39,1,269
8054339,Homely apartment in Ormond,42538288,Rachel,,Glen Eira,-37.90207821,145.0456887,Private room,30,1,0,,1,0
29341191,Brand new cosy Murrumbeena home-G1,167660004,Julia,,Glen Eira,-37.89815629,145.0700585,Private room,33,1,4,3.16,5,43
11762465,Fabulous single room,20584468,Dorothy,,Greater Dandenong,-37.95135358,145.1780673,Private room,29,3,40,1.21,5,363
11763524,Charming single room,20584468,Dorothy,,Greater Dandenong,-37.95179958,145.1780358,Private room,30,3,54,1.64,5,335
25785222,Temporary Home Away from Home,64729270,Sue,,Greater Dandenong,-37.97136317,145.1583776,Private room,33,1,1,0.17,1,0
18185569,Beautiful home in a safe suburb,72568288,Paul,,Greater Dandenong,-37.96752959,145.183136,Private room,35,2,31,1.59,2,71
19439467,Share house with 3 bed room,136294494,Dtuu,,Greater Dandenong,-37.98300649,145.2043676,Private room,35,60,0,,1,83
14326294,Big room available with Queen Bed,87663648,Allan,,Greater Dandenong,-37.95296128,145.1756812,Private room,37,1,0,,1,340
16785931,New cosy house in Springvale,38113470,Phuong,,Greater Dandenong,-37.94674563,145.1413935,Private room,37,1,5,0.4,1,73
12501251,Private bedroom,67654086,Cris,,Greater Dandenong,-37.94692725,145.1454497,Private room,37,2,14,0.48,1,75
9887196,Cosy Room No.1 in Quiet Court,50855053,Bob,,Greater Dandenong,-37.94680381,145.1941488,Private room,39,1,7,0.19,3,354
10239025,Cozy Room No.2 in Quiet Court,50855053,Bob,,Greater Dandenong,-37.94700073,145.1940033,Private room,39,1,4,0.12,3,365
10572460,Room in eco-friendly house + garden,51890204,Sam,,Hobsons Bay,-37.87634608,144.7705079,Private room,26,3,2,0.06,1,0
19951999,A Spacious Living Area in the West,14710097,Zara,,Hobsons Bay,-37.86704557,144.785214,Private room,28,1,4,0.28,1,0
18281112,Relaxed Laverton Home- R1,31698924,Mani,,Hobsons Bay,-37.86791723,144.7699018,Private room,35,1,9,0.69,5,54
11190489,Cottage by the sea,117431,Lorraine,,Hobsons Bay,-37.86999454,144.8116724,Private room,35,2,156,4.56,2,277
15244698,Neat and Full furnished room,96935364,Bob,,Hobsons Bay,-37.87811916,144.7727169,Private room,35,2,1,0.04,1,0
7668668,Homestay for a single student or traveller,292579,Gyorgyi,,Hobsons Bay,-37.86412143,144.7783702,Private room,35,7,0,,1,342
21132385,"Close Melbourne CBD, Williamstown Beach& Footscray",149011301,Tracy,,Hobsons Bay,-37.83743528,144.8796449,Private room,37,2,28,1.93,3,0
21132908,"Close Melbourne CBD, Footscray &Williamstown Beach",149011301,Tracy,,Hobsons Bay,-37.83610864,144.8792892,Private room,37,2,25,1.76,3,0
6005594,"Private bathroom seaside, location!",20243309,Vivian,,Hobsons Bay,-37.86645676,144.8176166,Private room,40,1,64,1.54,2,309
7749607,"Melbourne, beach, city, 4min to train station.",3336544,Myra,,Hobsons Bay,-37.84511571,144.8868286,Private room,40,1,76,1.9,1,139
17123439,BNB (CLOSE TO MELB. AIRPORT & M31),107192169,Xiaolin,,Hume,-37.57911901,144.9041487,Private room,22,1,7,0.32,5,90
12479314,Near airport. Single or double room.,23005557,Mandy,,Hume,-37.58717616,144.9160041,Private room,25,1,39,1.22,1,85
21505866,"Close airport, rail station, city centre free wifi",54027231,Yogs,,Hume,-37.6907534,144.9179737,Private room,25,2,6,0.54,6,365
19834618,Not available,140191237,Jon,,Hume,-37.6912601,144.9184045,Private room,25,60,0,,1,364
15200419,Available tonight great room near airport,20824451,Kay,,Hume,-37.60328642,144.9143333,Private room,29,1,22,0.82,8,174
15221821,Available tonight great room near airport,20824451,Kay,,Hume,-37.60216788,144.9138638,Private room,29,1,4,0.18,8,174
18529253,Near Airport FREE WIFI (QB),117478367,Jane,,Hume,-37.57332164,144.9313733,Private room,30,1,89,5.21,2,141
19684009,Near Airport FREE WIFI (DB),117478367,Jane,,Hume,-37.57477443,144.9329058,Private room,30,1,75,4.45,2,126
17123649,7-DAY BNB & FREE MELB. Aâ€™PORT DROP-OFF SERVICE (N),107192169,Xiaolin,,Hume,-37.5798609,144.9026633,Private room,33,7,0,,5,90
6296679,Outer Metro Melbourne,32741289,Rob,,Hume,-37.60631996,144.9263025,Private room,35,3,58,1.34,2,38
300679,Comfy room in Oakleigh South Melbourne,1505279,Julie,,Kingston,-37.94000426,145.0967893,Private room,28,2,51,0.64,1,286
16444961,Quiet House in Chelsea near beach,17230524,Rachael,,Kingston,-38.04422687,145.1283584,Private room,30,2,26,1.2,1,0
18525219,Cozy private room in oakleigh south,128599162,Jessie,,Kingston,-37.93932038,145.0868399,Private room,30,3,12,0.63,3,78
20194806,Comfy private bedroom with all setup essentials,128599162,Jessie,,Kingston,-37.93776712,145.0875976,Private room,33,3,12,0.96,3,69
9695824,Hot weather! Refreshing room $35,49980720,Victory,,Kingston,-37.94117244,145.0424033,Private room,35,1,2,0.05,2,0
9681648,Hot weather! refreshing room fr $38,49980720,Victory,,Kingston,-37.94145344,145.0439705,Private room,37,1,0,,2,357
11053838,Spacious beach-side bedroom,57368972,Charlotte,,Kingston,-38.0426545,145.1092383,Private room,40,1,0,,1,0
15608852,Cosy Home Close to Monash Uni and transport.,100631961,Jyoti,,Kingston,-37.93077243,145.1363908,Private room,40,1,2,0.1,1,358
21158137,Melbourne Clayton House Room 2,64028621,Caimo,,Kingston,-37.93341972,145.1283206,Private room,40,3,0,,4,69
21429992,Cozy room minutes to the beach and station,155340232,Max,,Kingston,-38.07292685,145.1325034,Private room,40,3,7,0.53,6,352
18173092,Rowville,125356040,John,,Knox,-37.91584214,145.2340347,Shared room,15,1,0,,1,0
26338669,The Lakes eco bed and breakfast- king single,74033879,Jacqui,,Knox,-37.91479475,145.2452191,Private room,25,3,13,2.57,2,160
14411623,Private comfy place to rest in.,88379970,Darren,,Knox,-37.8502887,145.2730519,Private room,26,1,35,1.29,1,153
23775854,Melbourne Anny mom house,178378815,Yongjun,,Knox,-37.92899929,145.2437603,Private room,28,1,7,1.51,1,344
25784272,Rm Paris-Warm Queen bed room with table,20871870,Chenhui,,Knox,-37.85577776,145.2392583,Private room,36,2,27,5.03,11,356
19295127,Complete privacy great location,131389743,Zoey,,Knox,-37.85741084,145.2281506,Entire home/apt,37,2,14,0.79,1,288
21035543,Cozy private room,42784943,Harkirat,,Knox,-37.84242403,145.2291958,Private room,40,1000,1,0.07,1,365
2400926,"Comfortable, homely and clean",12269676,Larisa,,Knox,-37.8476194,145.2692233,Private room,42,2,16,0.42,1,166
13771503,eastern melbourne,80816333,Sean,,Knox,-37.86245264,145.2566743,Private room,44,1,0,,1,365
911167,Relaxing room on the Eastern side,4889343,Zoltan And Beata,,Knox,-37.93379106,145.2413983,Private room,47,1,84,1.21,1,76
19848553,Private Room in family home in leafy surroundings.,140335502,Lisa,,Manningham,-37.76847015,145.1446491,Private room,25,1,47,2.82,1,140
18026070,Brand new private room - Doncaster,123979832,Rakshith,,Manningham,-37.7879641,145.13056,Private room,35,1,26,1.3,1,70
8852884,Single room Melbourne,46031452,Lily,,Manningham,-37.78451791,145.1336169,Private room,39,1,25,0.66,2,321
13250884,A Home Away From Home,74525441,Karalee & Vince,,Manningham,-37.77432779,145.1536882,Private room,39,1,6,0.2,2,340
13580357,A Home Away From Home (2),74525441,Karalee & Vince,,Manningham,-37.77451666,145.1517277,Private room,39,1,4,0.19,2,340
14545177,Home away from Home,37531702,Gabriel,,Manningham,-37.79443639,145.1638161,Private room,40,1,15,0.54,2,1
14850974,"Stylish, Modern, New Private Bedroom",37531702,Gabriel,,Manningham,-37.79607449,145.1637177,Private room,40,1,9,0.43,2,24
17012687,Melbourne and more!,23727839,Aadhil,,Manningham,-37.75601285,145.1656876,Private room,40,1,14,0.65,1,88
18240027,Cozy room in Melbourne eastern suburb,113432702,Kate,,Manningham,-37.76449597,145.0932066,Private room,40,1,18,0.92,3,89
18459394,Place to rest & enjoy on your own,113432702,Kate,,Manningham,-37.76289077,145.0923106,Private room,40,1,21,1.25,3,90
20779222,Peaceful environment,145778952,Eric,,Maribyrnong,-37.78949595,144.8880564,Private room,19,1,0,,1,0
19215742,Lovely big room a few stops from the CBD,40910863,Zinzi,,Maribyrnong,-37.80091445,144.8793598,Private room,25,14,0,,1,0
18905468,Private Bedroom+ Great Location+Near to City,66855989,Md Sarwat,,Maribyrnong,-37.78523378,144.8907483,Private room,28,1,1,0.06,1,0
20787061,Private room near Footscray station!,6155969,Natalie,,Maribyrnong,-37.79869792,144.9048015,Private room,29,20,0,,1,0
20852209,NEAR CITY+5 Queen Room+Easy Transport+Car Park L1,65527701,Tan,,Maribyrnong,-37.79529255,144.8922785,Private room,30,1,28,1.98,16,68
20881532,NEAR CITY+5 Queen Room+Easy Transport+Car Park R1,65527701,Tan,,Maribyrnong,-37.79707743,144.891597,Private room,30,1,26,1.78,16,72
20882645,NEAR CITY+5 Queen Room+Easy Transport+Car Park R2,65527701,Tan,,Maribyrnong,-37.79756603,144.8899406,Private room,30,1,17,1.18,16,74
21259026,NEAR CITY+5 Queen Room+Easy Transport+Car Park L2,65527701,Tan,,Maribyrnong,-37.79578198,144.8917299,Private room,30,1,15,1.09,16,66
8904944,A lovely room in Footscray,15167786,Mirna,,Maribyrnong,-37.79398742,144.8918944,Private room,30,2,9,0.24,1,0
8476153,Contemporary room with ensuite,22666853,Kathy,,Maribyrnong,-37.79868199,144.8756659,Private room,30,3,0,,1,0
10911122,Pvt Room & Sauna in dog owned house,56554424,Chris,,Maroondah,-37.81445004,145.2142838,Private room,25,5,13,0.4,1,0
6715212,Short walk to Eastland & trains,35157621,David,,Maroondah,-37.8153994,145.23221,Private room,28,31,1,0.03,1,328
9436402,Cozy room in Central ringwood,28128286,Khoa,,Maroondah,-37.81559799,145.2368821,Private room,28,180,1,0.03,1,365
16372819,Tidy share room in convenient location^.^.,107235236,Nancy,,Maroondah,-37.82080874,145.2412559,Shared room,30,3,7,0.3,4,161
17389535,Tidy share room in convenient location.,107235236,Nancy,,Maroondah,-37.82129137,145.2396505,Shared room,30,3,6,0.29,4,161
14062562,Hostel style room,50172472,Nathan,,Maroondah,-37.82081086,145.2618907,Private room,32,1,11,0.52,1,340
20668729,Convenient location & incredible rate room ^.^,107235236,Nancy,,Maroondah,-37.82138928,145.2416549,Private room,37,3,2,0.14,4,161
20972051,One master bedroom close to yarra valley,63681364,Saw,,Maroondah,-37.78094949,145.2757315,Private room,39,1,32,2.29,2,69
12155593,"Private Room, with stacks of amenit",40644075,Warren,,Maroondah,-37.80955135,145.2828781,Private room,39,4,12,0.56,3,83
20129850,Convenient location and Comfortable Room 2,24342317,Kai,,Maroondah,-37.82209253,145.229159,Private room,40,2,14,0.88,1,0
14247909,Comfortable Sofa,85439196,Lee,,Melbourne,-37.80808438,144.961857,Shared room,14,1,1,0.03,1,0
12689896,Student room close to CBD,68971791,Sacha,,Melbourne,-37.82403924,144.9577483,Shared room,17,1,0,,1,0
12211515,Private room in modern apartment,26021349,Nihal Christopher,,Melbourne,-37.81637144,144.9838644,Private room,19,1,0,,3,0
17440832,BUDGET! Near Queen Victoria Market!,30134344,Lydia,,Melbourne,-37.80080051,144.954327,Shared room,19,1,1,0.05,1,0
29575837,A single bed in a cozy shared room (A GIRL ONLY),72411288,Mayu,,Melbourne,-37.79611763,144.953982,Shared room,19,1,0,,1,6
5196283,Purple room in Quest Flemington,19752824,Trang,,Melbourne,-37.78847842,144.9231899,Private room,19,3,5,0.12,1,0
13605624,The Mark,34416620,Worapak,,Melbourne,-37.81675273,144.9626895,Shared room,21,1,1,0.04,1,0
21346630,The Greatest private room Brand New Building CBD,109575338,David Alejandro,,Melbourne,-37.81124473,144.9499946,Private room,22,1,22,3.16,3,49
19103323,Share room at kensington,133460370,Affordable,,Melbourne,-37.79793557,144.9282965,Shared room,22,30,0,,3,365
17226057,southern cross,48127538,Ouldjaboy,,Melbourne,-37.81611954,144.9539714,Shared room,24,1,2,0.09,1,0
20411493,"20minAirport-EnRoute Ballarat,Grampians,Daylesford",25822511,Shu In,,Melton,-37.73725285,144.7316243,Private room,35,1,0,,2,0
20411597,"20minsAirport-EnRoute Ballarat,Daylesford,Grampian",25822511,Shu In,,Melton,-37.73710156,144.7308343,Private room,35,1,6,0.38,2,0
10657728,Share room $50+ Free Wifi.,54883749,Mary-Rose,,Melton,-37.73672373,144.5987296,Private room,39,1,2,0.06,6,354
21081913,Luxury comfort relax,150884649,Trang,,Melton,-37.72517865,144.7470172,Private room,39,1,7,0.52,3,174
19078571,Warm,27715069,Alex,,Melton,-37.66180445,144.5657117,Private room,40,1,0,,1,365
6096556,Room  in a quite  treelined street,31637193,Ilona,,Melton,-37.71032363,144.7615116,Private room,40,2,23,0.59,2,344
17546099,Give you a break in peaceful house-ROSE room !,118901243,Yun Ja,,Melton,-37.71339668,144.5883707,Private room,42,1,33,1.56,2,150
17531900,Give you a break in a peaceful house-GREEN room!,118901243,Yun Ja,,Melton,-37.71360646,144.5884371,Private room,46,1,45,2.14,2,149
20971382,Caroline Springs vic 3023,150884649,Trang,,Melton,-37.72643478,144.7456935,Private room,46,1,10,0.69,3,84
21386807,Make yourself at home!,150884649,Trang,,Melton,-37.72670014,144.7463596,Private room,46,1,5,0.36,3,359
17893637,Cheap shared room for students and backpackers,113022017,Naveen Kumar,,Monash,-37.90752856,145.1275061,Shared room,19,1,0,,1,0
20836655,Monash uni chilled sharehouse!,149493016,Mary,,Monash,-37.91687931,145.1339603,Private room,19,1,0,,1,0
16385206,perfectly located 1 bedroom near shopping center,106367873,Celia,,Monash,-37.88737613,145.0919255,Shared room,19,15,1,0.04,1,0
18515774,"Convenient, quite and beautiful room for one",20871870,Chenhui,,Monash,-37.89887068,145.1566239,Private room,25,1,73,3.82,11,294
19460393,Melbourne Chadstone comfy private room for ONE,135826423,Iris,,Monash,-37.88723074,145.1065942,Private room,25,1,30,1.72,1,25
10000335,Furnished Opposite Monash Uni Clayton (Room 5),51373610,Andre,,Monash,-37.91697096,145.1380917,Private room,25,3,0,,4,0
17794645,Comfortable room with convenient commute,121580520,Thang,,Monash,-37.89837292,145.0762497,Private room,29,1,0,,1,0
12956853,double bedroom in clayton,63166264,Lana,,Monash,-37.91739924,145.1222887,Private room,29,14,0,,3,177
18662902,"Beautiful, convenient and quite room for two",20871870,Chenhui,,Monash,-37.90009525,145.1565849,Private room,30,1,88,4.7,11,342
12716042,bright bedroom in Wheelers Hill,66850875,Min,,Monash,-37.90438218,145.1870308,Private room,30,2,21,0.69,1,220
16485259,Rephidim lounge,41011904,Charles,,Moonee Valley,-37.77497524,144.908291,Shared room,19,1,44,1.89,2,358
9631445,Double room in friendly houseshare,49813558,Nicole,,Moonee Valley,-37.76581367,144.9080831,Private room,26,1,2,0.05,1,0
21443444,Single room 15 minutes from CBD in a nice house,155576113,Anna,,Moonee Valley,-37.76999995,144.9188194,Private room,28,7,0,,1,0
16339394,Rephidim,41011904,Charles,,Moonee Valley,-37.77390114,144.9092733,Private room,30,1,12,0.51,2,172
20155884,MarlenMelbourne 2,143424838,Malin,,Moonee Valley,-37.75072901,144.8538147,Private room,30,1,25,1.92,2,25
13194758,Cosy Abode in Flemington,901497,Elle,,Moonee Valley,-37.78595871,144.9344911,Private room,32,1,0,,1,0
21517710,Quick vacation,156366185,Deheny,,Moonee Valley,-37.78568535,144.939882,Private room,35,1,1,0.08,1,0
13053440,15-20 minutes to City Center-close to the airport,15659426,Julia,,Moonee Valley,-37.7639012,144.9101269,Private room,35,2,18,0.59,1,34
10770086,Modern Apartment with City Views,54793045,Glenmere85,,Moonee Valley,-37.78451268,144.938301,Private room,35,900,1,0.04,1,358
15044841,currently unavailable,95066797,Sam,,Moonee Valley,-37.78551222,144.9393159,Private room,37,1,2,0.07,1,0
12251841,Fold out sofa in lounge room,26336840,Joseph,,Moreland,-37.72187911,144.9711777,Shared room,18,3,8,0.88,2,355
17242126,BIG house on O'Hea St,26024492,Shane,,Moreland,-37.73711147,144.9499468,Private room,19,7,1,0.05,1,0
20611881,Single room available from 3/09/17 till 30/09/17,143869312,Sian,,Moreland,-37.71736655,144.9198836,Private room,22,4,0,,1,0
11646310,FULL FURNITURE SINGLE ROOM,40908292,Tina,,Moreland,-37.69984183,144.9395045,Private room,24,90,3,0.09,6,365
7440879,Cosy Place in Spacious Modern House,33559438,Munawar,,Moreland,-37.73706439,144.9768564,Shared room,25,1,8,0.2,1,0
8974809,CUTE ROOM IN HEART OF BRUNSWICK,46899396,Louise,,Moreland,-37.76657639,144.9680026,Private room,25,1,4,0.11,1,0
15591060,Cosy room in Melbourne :),93569562,Athirah,,Moreland,-37.76711431,144.9406486,Shared room,25,1,46,1.79,2,93
21585769,Amazing brand new house on the city's sunburn,156270794,Mirko,,Moreland,-37.72009763,144.9531648,Private room,25,1,0,,1,0
21245561,TOP LOCATION ACCOMMODATION!,153578738,Mai,,Moreland,-37.753574,144.962314,Private room,25,2,2,0.19,1,363
17854312,Cosy private room at great location!,121961565,Sofia,,Moreland,-37.73343575,144.9645011,Private room,25,4,1,0.05,1,0
13834495,"Clean, comfortable and friendly",81598239,Bronny,,Nillumbik,-37.70900359,145.1526225,Private room,22,1,6,0.21,2,0
980716,Small Home in a bush setting       ,5370551,Lyn,,Nillumbik,-37.67854434,145.166333,Private room,55,1,38,0.55,1,358
7921340,Perfect Holiday stay in Eltham,23985479,Celia,,Nillumbik,-37.70232741,145.1680062,Private room,60,1,0,,1,362
1344239,Warrandyte Private Room & Entrance,7291671,Maria,,Nillumbik,-37.72108716,145.2031601,Private room,60,2,24,0.42,1,351
15748143,Blackwood Bush Retreat,25417388,Aaron,,Nillumbik,-37.5477874,145.2759589,Private room,65,1,13,3.75,1,39
2328037,Ingrams Cottage Guest Suite,11888729,Nadia,,Nillumbik,-37.69741169,145.1811542,Private room,66,10,11,0.2,1,88
724777,Peaceful self-contained studio,3746937,Louise,,Nillumbik,-37.60993047,145.2102089,Private room,69,2,1,0.03,1,88
11497676,"Private, secure and quiet",60013674,Martin,,Nillumbik,-37.66106479,145.1551617,Private room,71,1,2,0.07,1,0
10841395,Modern home in leafy Eltham,4375244,Liz,,Nillumbik,-37.71160021,145.1700827,Private room,75,1,8,0.25,1,0
13299491,"House in the hills, (Room 2)",20342358,Liz,,Nillumbik,-37.6252523,145.2754256,Private room,75,1,32,1.1,2,149
14657470,Luna park n saint kilda beach,54027231,Yogs,,Port Phillip,-37.86449209,144.9763886,Shared room,18,1,0,,6,0
3194833,109Clarendontst southbank Melbourne,1424387,Patrik,,Port Phillip,-37.82862941,144.9595787,Shared room,24,1,1,0.02,1,0
12821128,Perfect for professionals!,69942112,Shahar,,Port Phillip,-37.88114214,144.9957551,Private room,28,4,0,,1,0
21357407,St Kilda Star - close to the beach and night life,10365264,Alexander,,Port Phillip,-37.86300626,144.9735292,Shared room,29,1,0,,1,0
14388928,Awesome Acco @ St Kilda-Heart of Melbourne...,88387350,Amit,,Port Phillip,-37.85396043,144.980902,Private room,30,1,16,0.58,2,0
6799878,Comfortable Spacious Elwood Living,35595639,Miles,,Port Phillip,-37.87220284,144.9887439,Private room,30,2,1,0.04,1,0
18722892,Huge sunlight-filled bedroom in St Kilda apartment,70488910,Jem,,Port Phillip,-37.86099842,144.9787406,Private room,30,3,3,0.17,1,0
18936867,Private room in a lovely house!,132014608,Juan,,Port Phillip,-37.87056519,144.9978696,Private room,30,4,2,0.11,1,0
18676926,New apartment and beautiful view near St Kilda,129799612,Rebecca,,Port Phillip,-37.85362642,144.9815349,Private room,30,7,0,,1,0
13736504,"Warm, Inviting & Close to it all!",80395972,Karli,,Port Phillip,-37.85815742,144.9919574,Private room,30,20,1,0.04,1,0
18186758,Prahran apartment. Great location.,46769195,Clive,,Stonnington,-37.84843276,144.99255,Private room,22,1,1,0.05,1,0
3462065,Huge room! Chapel St/St Kilda,17445414,Adeela,,Stonnington,-37.85337942,144.9848903,Private room,25,1,1,0.02,1,0
16273825,Cosy Room in Great Location,29897667,Gabriel,,Stonnington,-37.85985248,145.0205596,Private room,30,4,3,0.13,1,0
11421521,"Life of the ""Rich & Famous"" -Toorak",58223971,Sandy,,Stonnington,-37.84003107,145.0038059,Private room,30,7,5,0.15,1,250
10545877,Close to Chadstone Townhouse,7157842,Riesa,,Stonnington,-37.88910521,145.0863003,Private room,32,1,1,0.14,1,0
16473197,In between Malven and Caulfield station,108115073,Prabhu,,Stonnington,-37.8708311,145.0371231,Private room,32,1,0,,1,0
6678570,CBDMelbourne 5'Tram and 15'walking,34887931,Raul,,Stonnington,-37.83819097,144.990662,Private room,35,1,0,,1,0
20465137,Private Room close to Chadstone mall,122792119,Nabeel,,Stonnington,-37.88833716,145.0867861,Private room,35,1,0,,1,0
20951861,South East Delight,16001036,Simon,,Stonnington,-37.85947148,145.0063272,Private room,35,2,2,0.15,2,0
12210637,A short walk from Chapel St,38218475,Emma,,Stonnington,-37.85813532,145.0001127,Private room,35,3,1,0.03,1,0
21533756,Shared room available for female for Short Stay,137143178,Mahek,,Whitehorse,-37.85724405,145.14998,Shared room,21,7,0,,1,0
12924038,"Near train station, great suburb, 12KM to CBD",61455951,Hans,,Whitehorse,-37.81948882,145.1061208,Shared room,22,1,8,0.29,12,179
12924110,Backpackers' delight near station 12KM to CBD,61455951,Hans,,Whitehorse,-37.82101433,145.1064708,Shared room,22,1,22,0.75,12,179
12923728,Share room near train station 12KM to CBD,61455951,Hans,,Whitehorse,-37.8212447,145.1044134,Shared room,24,1,2,0.34,12,179
29464825,Clifton House.,45345117,Roz,,Whitehorse,-37.84240693,145.1994121,Private room,25,1,7,5.83,1,157
8246232,B19. Box Hill Twin Room Girls Only,14967250,Jo,,Whitehorse,-37.81565361,145.1250864,Shared room,25,3,8,0.21,25,89
8380498,B16. Boys shareroom $17/night,14967250,Jo,,Whitehorse,-37.81285929,145.1251705,Shared room,25,3,15,0.39,25,71
10813331,B10. Box Hill Girls Room $17/night,14967250,Jo,,Whitehorse,-37.81186006,145.1239142,Shared room,25,5,2,0.06,25,27
6453680,B09. Box Hill Girls Room $19/night,14967250,Jo,,Whitehorse,-37.81136318,145.1240404,Shared room,25,6,15,0.41,25,75
5447603,B17. Boys room $19/night,14967250,Jo,,Whitehorse,-37.81117645,145.1251825,Shared room,25,7,17,0.37,25,89
21298788,Sth Morang house45 mins to Melbourne city by train,154131834,Danny,,Whittlesea,-37.63269205,145.0818133,Private room,25,1,0,,1,0
18709547,A Furnished Room in a Welcoming Family,130082483,Yousry,,Whittlesea,-37.65272933,145.0923494,Private room,25,3,0,,1,0
16060043,Cozy Newly Renovated Self Contained Cottage,101192200,Angelica,,Whittlesea,-37.65648821,145.064808,Private room,30,1,0,,1,0
20790020,Your warm and cosy room in Bundoora,98946639,Selda,,Whittlesea,-37.68393405,145.0541511,Private room,30,1,11,0.76,1,62
16769586,"Large Single room, 2 min to station",73245383,Nguyen,,Whittlesea,-37.680363,145.0105164,Private room,30,14,2,0.09,1,364
11263151,Comfortable safe with private bathroom + wifi,58797793,Mia,,Whittlesea,-37.62808946,145.0066757,Private room,30,30,31,0.91,1,119
17912129,Spacious house for peace lovers.,102778214,Mohammad,,Whittlesea,-37.63104207,145.0356892,Shared room,35,2,0,,2,0
18647172,"House room - Furnished, spacious, clean and quiet.",124835591,Alex,,Whittlesea,-37.64514156,145.0438066,Private room,37,2,6,0.32,1,78
14887582,Home away from home.,56263895,Susan,,Whittlesea,-37.63633068,145.0932966,Private room,40,1,3,0.19,1,177
15941384,Clean & Cosy family home,103472596,Raj,,Whittlesea,-37.62623576,145.0323415,Private room,40,1,2,0.08,1,162
13997715,Single clean room in Melbourne surburbs,28776949,Michael,,Wyndham,-37.8654514,144.7077926,Private room,28,3,12,0.47,1,0
15514629,Charming and full of character Room 1,99698806,Anthony,,Wyndham,-37.89770497,144.6250356,Private room,29,2,24,1.01,2,365
16968197,Charming and full of character Room 2,99698806,Anthony,,Wyndham,-37.89733117,144.6263405,Private room,29,2,27,1.2,2,365
6487741,Stylish & Modern Living B&B,1751503,Charlin & Candy,,Wyndham,-37.89716385,144.775156,Private room,30,1,57,1.5,3,74
7724084,Cozy & Modern B&B,1751503,Charlin & Candy,,Wyndham,-37.89737486,144.7763592,Private room,30,1,46,1.32,3,78
15064528,Economical and Resort style BNB,1751503,Charlin & Candy,,Wyndham,-37.89689233,144.7757607,Private room,30,1,11,0.74,3,57
19200148,Fully furnished new town house,109283684,Eric,,Wyndham,-37.86621994,144.7409477,Private room,30,1,2,0.11,1,0
515607,Quiet modern home 1,2539832,Craig,,Wyndham,-37.88857619,144.6369885,Private room,30,2,42,0.7,2,356
2238160,Quiet modern home 2,2539832,Craig,,Wyndham,-37.88970325,144.6367624,Private room,30,2,45,0.77,2,356
11703323,"2 dogs, 1 cat, my husband and I.",4591571,Cassie,,Wyndham,-37.83627138,144.716031,Private room,32,1,40,1.2,1,363
30510628,"Shared room for a girl on Smith street, Melbourne",38996588,Eunji,,Yarra,-37.80666353,144.9834676,Shared room,21,7,0,,1,14
4967458,Location Space Character & Comfort!,617308,Jane,,Yarra,-37.80626622,144.9824328,Private room,22,4,34,0.73,2,6
8375432,Sort term room rent in Princes Hill,44142350,Caroline,,Yarra,-37.78137268,144.9700498,Private room,22,12,0,,1,0
8905856,One room in a lovely shared house,46582678,Natasha,,Yarra,-37.78883782,145.000284,Private room,26,1,0,,1,0
13336201,twin room in 2 storey townhouse,63166264,Lana,,Yarra,-37.79636242,144.9899048,Shared room,26,6,3,0.33,3,355
7214012,Spacious home just out of the City,27460296,Lauren,,Yarra,-37.81979811,144.9964152,Private room,28,1,1,0.07,2,0
12723934,Private bedroom in North Fitzroy,7612760,Paul,,Yarra,-37.78436047,144.9790604,Private room,28,1,0,,1,0
7253120,"Spacious house in Richmond, Melb",27460296,Lauren,,Yarra,-37.81948559,144.9980926,Private room,28,3,2,0.05,2,0
9826533,Entrepreneurs Open Office Desk # 1,27121649,Hab,,Yarra,-37.81274,144.9986909,Shared room,28,5,0,,1,363
5873749,Warm Tent in Garden Surprisingly Comfortable,10812760,Frank,,Yarra,-37.80976069,144.995279,Private room,30,1,8,0.82,16,0
12715592,Room with 2 beds,65402097,Leon,,Yarra Ranges,-37.78426069,145.5695817,Private room,25,1,21,0.73,1,321
21625539,Griffield House,151999227,Warwick,,Yarra Ranges,-37.76246057,145.320256,Private room,30,1,5,0.4,3,0
8614459,Rustic camping on the Yarra!,45316856,Adrienne,,Yarra Ranges,-37.72300282,145.7740619,Shared room,35,1,27,0.72,1,84
11262362,Cozy and comfy,32165537,Gillian,,Yarra Ranges,-37.77075459,145.3005984,Private room,35,1,1,0.06,1,340
15277956,Escape to nature. Single room.,82786047,Daisy,,Yarra Ranges,-37.70719668,145.8391269,Private room,35,1,0,,1,0
21189916,4 poster bed in rustic mountain cottage,23871907,Phoenix,,Yarra Ranges,-37.75216522,145.6753359,Private room,35,1,8,0.96,2,60
19212046,Cozy Spare room - near Yarra Valley,134443628,Joseph,,Yarra Ranges,-37.78543022,145.326046,Private room,35,2,8,0.45,1,20
20234031,Cute Gypsy Wagon with fireplace & outdoor bath,23871907,Phoenix,,Yarra Ranges,-37.75161141,145.6758085,Entire home/apt,39,1,22,1.54,2,83
21085126,Griffield House,151999227,Warwick,,Yarra Ranges,-37.76364562,145.321301,Private room,44,1,15,1.06,3,166
21625466,Griffield House,151999227,Warwick,,Yarra Ranges,-37.76429498,145.3197923,Private room,44,1,16,1.27,3,14
