id,name4,host_id,host_name,neighbourhood_group,neighbourhood,latitude4,longitude4,room_type4,price4,minimum_nights4,target_number_of_reviews,reviews_per_month,calculated_host_listings_count,availability_365,
1352762,STUDIO 1 SINGLE ROOM with Private Bathroom,7342833,Mo,,Banyule,-37.7372115,145.0528305,Entire home/apt,60,2,206,3.16,3,336,1
1803184,STUDIO with 2 Rooms & BATHROOM,7342833,Mo,,Banyule,-37.73586934,145.054367,Entire home/apt,79,4,162,2.63,3,237,1
10756074,Private Family studio sleep 4+kid Free parking,55621164,Sainan (Nancy),,Banyule,-37.7253806,145.1142269,Entire home/apt,75,2,156,4.49,2,37,1
7210280,[YUN STAR] Designer Studio/Cosy/Easy Self Check-in,37754540,Yun J,,Banyule,-37.76193764,145.0325385,Entire home/apt,91,2,139,3.47,1,17,1
6695919,Beautiful Melbourne Home!,1710243,Duncan,,Banyule,-37.76505486,145.035933,Private room,48,1,127,3.09,1,151,1
15551901,2 Bedroom Home Heidelberg,100100218,Daniel,,Banyule,-37.75540103,145.0629859,Entire home/apt,138,1,98,5.31,1,287,1
3071226,Holiday stay in central Heidelberg,9448107,Bec,,Banyule,-37.7529707,145.0662763,Entire home/apt,130,1,79,1.47,3,356,1
4245647,Lovely room with morning sun.,8223131,Lis,,Banyule,-37.74415001,145.0447179,Private room,60,1,70,1.39,2,254,1
11644823,"Private bungalow, close to public transport.",33882987,Pradeep,,Banyule,-37.77047874,145.0535281,Entire home/apt,71,2,67,2.01,1,300,1
16572756,Super Located Rosanna2BDRA sleep 4 +Parking,55621164,Sainan (Nancy),,Banyule,-37.744309,145.0654719,Entire home/apt,107,2,64,2.78,2,296,1
3013363,Self contained one bedroom unit,15064653,John,,Bayside,-37.92306528,145.0065513,Entire home/apt,100,1,234,4.39,1,256,1
6364442,"Close to Station,shops,beach ,CBD",24350569,Durdana,,Bayside,-37.95594447,145.0395788,Entire home/apt,119,1,175,4.19,1,269,1
4378693,A charming Victorian Pavilion -Brighton/Elwood,22734692,Manuela,,Bayside,-37.8988744,144.9921331,Entire home/apt,125,1,154,3.09,2,307,1
5242889,The little Loft- Brighton/St.Kilda,22734692,Manuela,,Bayside,-37.89899582,144.9936036,Entire home/apt,115,1,120,2.59,2,311,1
14658985,Private Brighton Studio Apartment Near Beach,19420128,Joan,,Bayside,-37.91168006,144.9973751,Entire home/apt,80,3,99,3.69,1,239,1
13679391,Quiet private self contained unit.,44883590,David,,Bayside,-37.95326889,145.0108037,Entire home/apt,100,2,90,3.11,1,220,1
10143146,Historic 1921 Residence in Martin Street Village,52056492,Robyn,,Bayside,-37.8958511,145.0021832,Entire home/apt,145,2,89,2.54,1,6,1
10685799,2bedroom Brighton 10mins to beach - 15mins to CBD,6815177,Julia,,Bayside,-37.89669842,145.0038697,Entire home/apt,208,1,84,2.41,17,327,1
17284875,"Bayside getaway, Impressive 1 bedroom apartment!",397229,Carla,,Bayside,-37.94789349,145.041462,Entire home/apt,145,1,71,3.35,1,302,1
14789165,"Boutique apartment,self-contained, close to beach.",15460930,Phil,,Bayside,-37.94561135,145.0014474,Entire home/apt,114,2,71,2.62,1,243,1
10791996,"The Lane House - quiet, cosy and close to city",18035351,Duncan & Emily,,Boroondara,-37.8178591,145.0245585,Entire home/apt,150,1,311,8.97,1,330,1
1157185,Kew Sanctuary / 4 km to CBD,437380,Craig & Mark,,Boroondara,-37.80573633,145.0194124,Private room,66,2,237,4.04,1,325,1
6786688,Easy Self Check-In | DOUBLE,11111637,Wei & Ting,,Boroondara,-37.8090584,145.0979125,Private room,14,1,236,5.57,3,65,1
9263414,Easy Self Check-In | ENSUITE,11111637,Wei & Ting,,Boroondara,-37.80843534,145.0991003,Private room,14,1,225,6.36,3,72,1
4515410,Easy Self Check-In | TWIN,11111637,Wei & Ting,,Boroondara,-37.80962699,145.0992157,Private room,14,1,210,4.27,3,80,1
9548928,House sleeps 13. Just 15 mins to Melbourne city,49448682,Jason,,Boroondara,-37.80652415,145.0323858,Entire home/apt,130,1,198,5.45,3,313,1
67211,"Kew Tranquility, Melbourne",326880,Kate,,Boroondara,-37.8036186,145.0338957,Private room,42,2,146,1.53,1,330,1
5378241,Art Deco Gem Entire 2BR Quiet Leafy Wifi Parking,27880649,Robert,,Boroondara,-37.83215407,145.0520896,Entire home/apt,109,2,129,2.8,1,344,1
16978470,Comfortable room close to CBD,113623057,Lasanthi,,Boroondara,-37.79944273,145.0292779,Private room,66,1,127,5.73,1,26,1
6748531,Loggia in Leafy Camberwell,35332906,Anne,,Boroondara,-37.83912959,145.0860863,Entire home/apt,109,2,123,2.93,1,284,1
297350,"Best, west of Melbourne-Wifi & Spa1",1533260,Ryan,,Brimbank,-37.78483777,144.7562492,Private room,46,1,240,2.87,9,333,1
8616749,Comfortable Bungalow set in garden.,41228535,Ian,,Brimbank,-37.78886022,144.8149882,Entire home/apt,66,1,207,5.66,1,346,1
11518408,"Private Studio, No Sharing, WiFi, 15 Min Airport",60717838,Jessy,,Brimbank,-37.71476161,144.8240527,Entire home/apt,61,1,193,5.84,1,249,1
18622840,"Private Studio, 10 min airport FREE WiFi & NETFLIX",6326637,Elena,,Brimbank,-37.72291836,144.8607307,Entire home/apt,55,1,127,6.72,1,243,1
8296434,10mins Melb airport. 20mins to cbd,43743521,Naomi,,Brimbank,-37.72026284,144.8527089,Entire home/apt,100,1,118,3.02,1,0,1
978562,Best West of Melbourne WiFi & Spa 3,1533260,Ryan,,Brimbank,-37.78342686,144.7567001,Private room,46,1,82,1.28,9,363,1
13419938,Melbourne Airport Accomodation (Double bedroom),16475607,Joe,,Brimbank,-37.74180164,144.851269,Private room,65,1,75,2.6,2,0,1
315513,"Best, west of Melbourne-Wifi & spa2",1533260,Ryan,,Brimbank,-37.78309553,144.757738,Private room,46,1,75,0.9,9,358,1
15100900,Classic Charmer 10km from CBD,72068327,Milos,,Brimbank,-37.78906543,144.8449228,Entire home/apt,145,2,47,1.83,1,235,1
8583407,The room for traveller in the West,44617840,Simon,,Brimbank,-37.79029417,144.8420761,Private room,30,1,40,1.36,5,336,1
5187265,TREEHOUSE APARTMENT with FERNTREE FOREST VIEW,26832071,Raoul,,Cardinia,-37.91683342,145.4575212,Entire home/apt,186,1,289,6.43,2,80,1
2615911,Ttekceba Retreat B/B,13397269,Veronika,,Cardinia,-38.01851616,145.4208226,Entire home/apt,245,2,133,2.75,1,307,1
6407347,Home among The Gum Trees,33418497,Kristina,,Cardinia,-38.04169353,145.393325,Entire home/apt,125,1,106,2.94,3,316,1
14390541,Relax at Billy Buttons (Fully Self Contained),7468042,Jennie,,Cardinia,-37.91322176,145.4515416,Entire home/apt,97,1,83,2.94,2,351,1
16538148,LAKEVIEW ON SYCAMORE (Lower Level Apartment),108815554,Lyn,,Cardinia,-37.91445972,145.4563986,Entire home/apt,115,1,82,5.62,2,304,1
17333284,"Central Beaconsfield, separate private space.",116916951,Gillian,,Cardinia,-38.05099045,145.3761713,Private room,58,1,72,3.43,1,36,1
5470169,Jacob's Estate | Farmstead on 50 Acres,28372322,Shami,,Cardinia,-38.14835242,145.4366759,Entire home/apt,300,1,71,1.6,1,220,1
11226350,RUSTIC COTTAGE THAT OPENS TO GARDEN & FOREST,26832071,Raoul,,Cardinia,-37.91666388,145.4564256,Entire home/apt,82,2,65,1.92,2,89,1
7519461,Tuscan cottage 45 minutes from city,4300788,David,,Cardinia,-38.01554436,145.3862299,Entire home/apt,120,2,63,1.68,2,0,1
20774064,Wombat Cottage,148848939,Yvonne,,Cardinia,-37.95059924,145.5521548,Entire home/apt,165,1,59,4.02,1,168,1
15976012,"Jacqui's Place - Separate Unit, rear of our house.",88878226,Jacqui,,Casey,-37.99116698,145.2867796,Entire home/apt,71,2,120,5.03,1,266,1
38271,Melbourne - Old Trafford Apartment,164193,Daryl,,Casey,-38.05725414,145.3393561,Entire home/apt,98,1,112,1.14,1,328,1
13213268,Lakeside Room3 fast NBN WiFi,74090259,Maryse &,,Casey,-38.09793587,145.2482435,Private room,84,1,84,2.78,3,67,1
16592139,Luxurious 4 bedroom modern home,39115016,Banie,,Casey,-38.07770821,145.3197013,Entire home/apt,150,2,64,2.8,4,344,1
9578761,Clean and tidy  attractive,49580189,Sam,,Casey,-38.08156996,145.2646396,Private room,51,1,47,1.32,3,334,1
13352099,Berwickâ€™s Best Bed & Breakfast.,72805823,Jo And Hamish,,Casey,-38.07088628,145.3444896,Private room,79,1,46,3.2,1,143,1
10335206,#32 in the burbs,15209713,Sharon,,Casey,-38.04932732,145.3519722,Entire home/apt,100,3,42,1.25,1,337,1
9124255,Room with 2 single beds.,47535493,Seng Siew,,Casey,-38.01350835,145.3072431,Private room,43,1,42,1.14,1,341,1
5118872,Your Home Away From Home - Right Room,4535949,Euwing,,Casey,-38.00245931,145.3089306,Private room,60,1,41,1.03,3,0,1
6201075,Beautiful Big and Bright,784249,Vanessa,,Casey,-38.13979966,145.2538374,Entire home/apt,165,2,39,0.93,1,89,1
5280899,Modern Apartment Near Tram Line,1382711,Phoebe,,Darebin,-37.74889877,145.0018792,Entire home/apt,120,2,232,5.1,2,135,1
41836,CLOSE TO CITY & MELBOURNE AIRPORT,182833,Diana,,Darebin,-37.69729418,145.0008156,Private room,50,7,159,1.62,3,0,1
8332114,Private and very comfortable studio,23233948,Andrea,,Darebin,-37.76949054,144.9862558,Private room,84,1,143,3.75,1,131,1
16989973,Lakeside Retreat Wi-Fi City Latrobe RMIT,41973097,Kristi,,Darebin,-37.71383578,145.0028928,Private room,53,1,140,6.28,2,131,1
7781073,"Quiet, comfortable Northcote studio",8757163,Ross,,Darebin,-37.77615809,145.0002744,Entire home/apt,80,1,128,3.49,1,278,1
2251468,"Quiet, spacious apartment Northcote",3202291,Adam,,Darebin,-37.7748558,144.9930061,Entire home/apt,125,1,127,2.15,2,328,1
20426912,Boutique Stable Conversion  -     Gordon Grove BnB,145730368,Amanda,,Darebin,-37.77485856,144.9923666,Entire home/apt,100,1,126,8.01,1,49,1
4380033,Mediterranean Garden Cottage,22742885,Cherie,,Darebin,-37.76100828,145.0143383,Entire home/apt,80,1,120,2.46,1,258,1
6080354,Private studio,31561942,Jennifer,,Darebin,-37.75192936,144.9917688,Entire home/apt,66,2,120,2.73,1,334,1
4622909,Awesome church conversion cityviews,22930747,Kevin,,Darebin,-37.77500231,144.9976232,Entire home/apt,350,2,119,2.45,1,106,1
4868105,"Chic Balcony Studio, Near Beach +FREE WiFi",12919508,Shane & Nuan,,Frankston,-38.11291357,145.1285923,Entire home/apt,73,1,244,5.11,2,346,1
9139846,"Studio/unit, beautiful gardens",47600522,Carole,,Frankston,-38.16459902,145.1337691,Entire home/apt,79,1,195,5.27,1,329,1
10526905,Gateway to peninsula - private flat,54280466,Fiona,,Frankston,-38.16790943,145.1292125,Entire home/apt,109,1,158,4.53,1,190,1
4618018,"Mornington Peninsula Paradise -
Studio",369770,Julia,,Frankston,-38.16861164,145.1122329,Entire home/apt,84,2,131,2.73,3,288,1
18378339,Luxuriously appointed Perfect for couples & groups,7860705,Simon,,Frankston,-38.16863434,145.1422241,Entire home/apt,155,1,127,6.73,1,71,1
8820630,"Groovy!!Self contained,Near Beach+Free Wifi",12919508,Shane & Nuan,,Frankston,-38.11067975,145.1289704,Private room,100,1,121,3.41,2,311,1
5684857,Frankston South Treetops,14772028,Maryanne,,Frankston,-38.17147363,145.1110692,Private room,80,1,98,2.17,1,61,1
5591692,Seaford SeaScape,28991257,Christine,,Frankston,-38.11441621,145.1273562,Entire home/apt,90,2,72,1.66,1,314,1
2723499,Mornington Peninsula Gateway,13937517,Debbie,,Frankston,-38.16124666,145.1131741,Entire home/apt,190,2,71,1.31,2,282,1
3534015,Beauty Lake retreat,17793037,Sandra,,Frankston,-38.14796123,145.1221017,Entire home/apt,168,2,71,1.34,1,268,1
3070495,Private and spacious 1BD+study Courtyard Apartment,6398008,Lorraine,,Glen Eira,-37.8711134,145.0200519,Entire home/apt,115,2,133,2.58,1,143,1
4279493,Charming Converted Stables,10269471,Joe,,Glen Eira,-37.88304157,145.0438421,Entire home/apt,96,30,125,2.51,1,232,1
6603874,Private upstairs one bedroom apartment,34257126,Mary,,Glen Eira,-37.88672814,145.0653418,Private room,80,2,122,3.25,1,150,1
14147464,Large light filled home,16766174,April,,Glen Eira,-37.88236422,145.0250561,Private room,91,1,108,3.85,1,167,1
9577863,Room & ensuite in unique house/pool,212363,Heddie & Ari,,Glen Eira,-37.87599957,145.0139618,Private room,61,1,101,2.84,1,332,1
2106502,Hotel Style Room: Sep. entry & wifi,10739131,Lili,,Glen Eira,-37.89588869,145.0379772,Entire home/apt,69,1,99,1.97,2,321,1
1302086,Melbourne~St Kilda side~BIG HOUSE 4 RENT~4bed2bath,2682415,Nina,,Glen Eira,-37.8708387,145.0195346,Entire home/apt,195,3,98,1.49,2,333,1
9317033,Tasteful and spacious Art-Deco delight!,33345773,William,,Glen Eira,-37.87960317,145.0240114,Private room,42,1,95,2.71,1,0,1
10104161,Carnegie - Private room,42478351,Phil J,,Glen Eira,-37.89093112,145.0483577,Private room,40,1,79,3.43,6,152,1
14239507,Modern Apartment in Caulfield near Monash University,5383441,Mariam,,Glen Eira,-37.87614221,145.0383701,Entire home/apt,130,1,77,2.91,55,261,1
7095182,Executive Apartment Furnished,6460810,Deborah,,Greater Dandenong,-37.98580019,145.2220529,Entire home/apt,145,2,96,2.68,2,321,1
12276678,"Highway Haven! Spacious 2 bed flat, business ready",8359534,Sussie,,Greater Dandenong,-37.97697928,145.2046797,Entire home/apt,100,2,74,2.45,1,314,1
12992391,Brandnew clean cozy master room with own ensuite,46687156,Jenny&Joe,,Greater Dandenong,-37.96486227,145.1637755,Private room,48,1,63,2.07,2,62,1
11763524,Charming single room,20584468,Dorothy,,Greater Dandenong,-37.95179958,145.1780358,Private room,30,3,54,1.64,5,335,1
4287875,small and comfy .,22260925,Melroy,,Greater Dandenong,-37.98317663,145.1719309,Private room,50,2,47,0.94,1,350,1
11762629,Amazing double bedroom,20584468,Dorothy,,Greater Dandenong,-37.95354487,145.1782535,Private room,46,3,40,1.21,5,342,1
11762465,Fabulous single room,20584468,Dorothy,,Greater Dandenong,-37.95135358,145.1780673,Private room,29,3,40,1.21,5,363,1
21507537,Daydreaming on Day Street near Dandenong CBD,31201436,Garrison,,Greater Dandenong,-37.98155589,145.209764,Entire home/apt,100,2,38,3.26,1,73,1
9245788,Cosy bed room with private washroom,48048221,Malhaar,,Greater Dandenong,-37.96749025,145.1688878,Private room,46,1,38,1.06,1,365,1
11093948,Remarkable master bedroom with ensuite bathroom,20584468,Dorothy,,Greater Dandenong,-37.95144124,145.1765216,Private room,46,3,34,1.05,5,315,1
10475852,Private self contained studio,53989967,Gus,,Hobsons Bay,-37.84982755,144.8943209,Entire home/apt,120,1,157,4.56,1,296,1
11190489,Cottage by the sea,117431,Lorraine,,Hobsons Bay,-37.86999454,144.8116724,Private room,35,2,156,4.56,2,277,1
2448210,Designer Guest Suite with Lounge in Williamstown,5821435,Veronica,,Hobsons Bay,-37.85694907,144.87152,Entire home/apt,120,2,141,2.51,3,65,1
13980222,"Cozy & Comfy by the water,cafes,restaurants,train.",83401919,Erik,,Hobsons Bay,-37.85440455,144.9009251,Entire home/apt,120,1,110,4.17,1,294,1
1844970,Just gorgeous -  garden studio,3688677,Sally,,Hobsons Bay,-37.84798018,144.8750631,Entire home/apt,80,1,99,1.63,1,331,1
10166369,Cozy bedroom -Closer to the city,3969389,Shehan,,Hobsons Bay,-37.8254024,144.8508872,Private room,50,1,98,2.79,3,143,1
780196,Snug Seaside Cottage Vic. Aust.,117431,Lorraine,,Hobsons Bay,-37.8713455,144.8125762,Private room,46,2,82,2.77,2,308,1
4251330,WILLIAMSTOWN CENTRAL with FULL FOXTEL/cable tv,11193686,Deb,,Hobsons Bay,-37.85628637,144.8968633,Entire home/apt,140,2,79,1.55,1,160,1
7749607,"Melbourne, beach, city, 4min to train station.",3336544,Myra,,Hobsons Bay,-37.84511571,144.8868286,Private room,40,1,76,1.9,1,139,1
10840428,New cottage in historic setting,56145364,Darren & Jodie,,Hobsons Bay,-37.84979665,144.8896945,Entire home/apt,96,2,72,2.07,1,33,1
19490757,Upstairs Bedroom 10 minutes from Melbourne airport,59845433,Serge & Rosie,,Hume,-37.67656153,144.873996,Private room,65,1,253,14.54,8,311,1
17558418,Upstairs Bedroom/Lounge 10minutes to Melb airport.,59845433,Serge & Rosie,,Hume,-37.67609378,144.8733141,Private room,75,1,249,11.82,8,327,1
9613666,Private Room w/ Shared Bathroom - 2,4695256,Nando,,Hume,-37.67913551,144.896598,Private room,40,1,210,5.86,7,0,1
18526373,"#3 - 3km > Airport: FREE Drinks, Cereals, Parking!",6170368,Sam,,Hume,-37.68837528,144.8699953,Private room,42,1,178,9.3,3,333,1
10265783,Private Room w/ Shared Bathroom - 5,4695256,Nando,,Hume,-37.67880331,144.8977677,Private room,40,1,151,4.24,7,0,1
8956494,"Location & Quality, 10m to Airport, Netflix, Pool",46807748,Dayan,,Hume,-37.62576145,144.8902951,Private room,69,1,131,3.75,1,333,1
8654594,Spacious rm 9min Airport 30min City,45482644,Cherlyn,,Hume,-37.62699363,144.8755745,Private room,44,1,127,3.33,1,363,1
9115016,Private Room w/ Shared Bathroom - 1,4695256,Nando,,Hume,-37.67927703,144.8979412,Private room,40,1,100,2.82,7,0,1
10846372,Ambient,56176927,Gresilda,,Hume,-37.63779945,144.9076301,Entire home/apt,137,2,92,2.79,1,322,1
10265267,2 beds - Private Room and Bathroom,4695256,Nando,,Hume,-37.67761459,144.8975661,Private room,71,1,92,2.59,7,0,1
7186925,BAYSIDE GARDEN BUNGALOW,29001170,Martin And Jenny,,Kingston,-37.99953327,145.0926194,Entire home/apt,84,1,207,5.18,1,298,1
13454459,Quiet private self contained poolhouse,76866975,Galit,,Kingston,-37.98306206,145.0652519,Entire home/apt,79,1,147,5.19,1,227,1
70328,AWESOME BEACH HOUSE BnB -,356006,Raewyn,,Kingston,-38.00546325,145.0854133,Private room,68,1,101,1.07,1,349,1
10684947,In the heart of Mentone,50154745,Lawrence,,Kingston,-37.97951316,145.0627462,Private room,44,1,89,2.54,1,302,1
18878934,Elegant Beach Side Apartment,131556793,Dimmy,,Kingston,-38.06309795,145.1174709,Entire home/apt,140,1,87,4.73,1,264,1
13563834,Long Island Getaway,62482564,Virginia,,Kingston,-38.07274089,145.1421751,Entire home/apt,90,1,81,3.16,1,143,1
8885425,Very quiet studio all to yourself,46492491,Paul,,Kingston,-37.96921118,145.0564165,Entire home/apt,80,2,80,2.11,1,332,1
7279961,Highett/Moorabbin- King of the Court,38118247,Isabelle,,Kingston,-37.94213681,145.0498588,Private room,53,1,73,1.78,1,250,1
4761194,"""LITTLE RETREAT""",10790163,Suzy,,Kingston,-38.06407769,145.1449077,Entire home/apt,140,2,72,1.5,1,148,1
5537813,"Beach, Cafes, fast wifi, and an easy train to city",24301687,Dean,,Kingston,-37.99430815,145.0783777,Entire home/apt,119,2,70,1.56,1,289,1
2406621,"Weekend get away, Dandenong Ranges.",12301602,Troy,,Knox,-37.86421637,145.3172141,Private room,55,1,150,2.61,2,64,1
7056176,Melbourne Estern Sub Cosy New House,37008681,Raymond,,Knox,-37.86362274,145.2390827,Entire home/apt,145,1,126,3.32,1,43,1
12211642,"Dandenong National Range 2
Accept a group booking",65657997,Mrs Kornthip,,Knox,-37.88302961,145.3012249,Private room,60,1,112,3.45,4,361,1
4811216,Private Comfortable bungalow for 2,3171650,Samantha & Craig,,Knox,-37.85427334,145.2568895,Entire home/apt,75,2,109,2.3,1,287,1
16794600,"Weekend get Away, Dandenong ranges",12301602,Troy,,Knox,-37.86504259,145.3185488,Entire home/apt,120,2,98,4.33,2,265,1
13985421,The Romantic Cottage in the Windy Garden,83259522,Hoa&Van,,Knox,-37.88163322,145.3021383,Entire home/apt,186,1,94,3.43,1,83,1
911167,Relaxing room on the Eastern side,4889343,Zoltan And Beata,,Knox,-37.93379106,145.2413983,Private room,47,1,84,1.21,1,76,1
17438933,Family home in Prime location Melbourne Free WIFI,110776401,Carrie,,Knox,-37.87738114,145.2756186,Entire home/apt,151,1,81,3.82,3,115,1
5472208,Quiet Comfy Boronia Accommodation,28379504,Anne And Vince,,Knox,-37.86019751,145.2762051,Private room,55,1,80,1.84,1,317,1
16635432,Delightful 2BR Unit. FTG: Base of The Dandenongs,15023442,Christine,,Knox,-37.88089384,145.3004757,Entire home/apt,109,2,73,3.29,1,321,1
4521160,L'Hexagon - Natural wonderland,20921332,Anna And Graeme,,Manningham,-37.72197838,145.2775025,Entire home/apt,109,1,115,2.4,1,307,1
6379076,Chalet-style House Close to the Yarra Valley,33175860,Gayle,,Manningham,-37.72684619,145.2741859,Entire home/apt,150,2,99,2.36,2,296,1
4535148,Children / Family friendly home w/ FREE PARKING,2337214,Albert,,Manningham,-37.79516052,145.1254198,Entire home/apt,199,2,93,1.92,1,48,1
20094111,Isaac & Jenny's Private Cottage,38202932,Isaac,,Manningham,-37.77610291,145.2320807,Entire home/apt,96,1,87,5.32,1,325,1
5583818,Orchards Private Retreat,27080368,Jodie,,Manningham,-37.76766079,145.2279951,Entire home/apt,89,2,81,1.79,2,307,1
9997898,Vue de Vin  Studio Apartment,33175860,Gayle,,Manningham,-37.72732238,145.2743782,Entire home/apt,115,2,79,2.31,2,330,1
12819821,Tanglewood Cottage Wonga Park,69926344,Roslyn,,Manningham,-37.75588319,145.2851768,Entire home/apt,186,2,74,2.5,1,300,1
11804959,Double room with en suite & balcony,55820852,Joy,,Manningham,-37.76751116,145.1656719,Private room,55,2,73,2.29,1,320,1
19789786,"""Rivers Rest"" by the Yarra in beautiful Warrandyte",3007140,Stephanie,,Manningham,-37.73985597,145.2299468,Entire home/apt,96,1,71,5.07,1,61,1
7780598,Spacious Cosy 2BR/2.5BTH Townhouse U2,10785219,Christina,,Manningham,-37.78691994,145.1394415,Entire home/apt,215,2,70,1.88,3,316,1
5979727,One bedroom bungalow with bathroom,12973577,Carolyn,,Maribyrnong,-37.7702745,144.8950793,Entire home/apt,65,1,229,5.19,1,323,1
806245,Huge bright townhouse with terrace,2792025,Jo,,Maribyrnong,-37.80270172,144.8979875,Entire home/apt,186,2,204,2.79,1,247,1
867464,Seddon (Milkbar)Apartment Melbourne,4542615,Darren & Bruce,,Maribyrnong,-37.80792816,144.8982322,Entire home/apt,89,2,197,2.83,2,230,1
7373971,Victorian beauty 6 km from city CBD,38632342,Justin,,Maribyrnong,-37.82248828,144.8812103,Entire home/apt,249,2,155,4.24,2,230,1
18722225,Apartment West Footscray ground level single story,129474070,Joseph,,Maribyrnong,-37.79472059,144.8750748,Entire home/apt,58,1,153,8.23,1,100,1
12073784,Bungalow in the garden,64702430,Felicity,,Maribyrnong,-37.81621412,144.8740336,Private room,71,1,148,4.6,1,63,1
11044003,"New 3 BR, 4 Beds, 3 Car park spaces, 7km to CBD",57315959,Tan,,Maribyrnong,-37.79519301,144.8791278,Entire home/apt,174,3,145,4.24,1,290,1
3783213,family friendly 3 bedroom home!,19413380,Renee,,Maribyrnong,-37.79164997,144.8775775,Entire home/apt,161,5,145,2.85,1,98,1
9394181,Cute room/ensuite in old stone home. So convenient,42964821,Gaelle,,Maribyrnong,-37.81985117,144.8926781,Private room,48,1,112,3.44,1,330,1
156482,Light-Filled Family-Friendly House in Yarraville,707620,Georgia,,Maribyrnong,-37.81565273,144.8886978,Entire home/apt,205,2,100,1.2,2,42,1
16589095,A small home away from home,78067436,Monica,,Maroondah,-37.80386963,145.30418,Entire home/apt,60,2,125,5.42,1,135,1
954106,Carr's Cottage Ringwood North,5181787,Judy,,Maroondah,-37.798042,145.222718,Entire home/apt,83,2,109,1.71,1,272,1
8688440,SPECIAL! 2BR Apartment Ringwood Melbourne,45619058,Fong & Fong,,Maroondah,-37.81060773,145.2229281,Entire home/apt,119,2,107,2.83,2,322,1
17814752,Cosy bungalow with private deck,24987806,Audrey,,Maroondah,-37.79512621,145.3075861,Entire home/apt,71,1,95,4.74,1,309,1
16535020,Magnolia Cottage-Relaxing Abode W Tranquil Gardens,20400356,Sandy And Ange,,Maroondah,-37.78212067,145.2840915,Entire home/apt,79,1,87,3.79,6,0,1
6048401,Stylish room close to Yarra Valley,31328199,Jamie,,Maroondah,-37.79441923,145.2956001,Private room,71,1,82,1.93,1,335,1
14185108,"Spacious& Cosy home, convenient to everything",81772437,Amy,,Maroondah,-37.81968155,145.2368264,Entire home/apt,288,2,63,2.2,2,303,1
16010330,Modern New 3 bedrooms plus study Townhouse,50409774,Michele & Lung,,Maroondah,-37.82216132,145.2498606,Entire home/apt,235,2,58,2.35,2,203,1
14238249,RuskinBNB - Walk from Bram Leigh Receptions,55326627,Jack,,Maroondah,-37.7990708,145.2962513,Entire home/apt,69,1,58,2.04,1,0,1
14240664,"Clean, modern and quiet home",11952450,Sean,,Maroondah,-37.82683309,145.2478315,Private room,42,2,55,2,1,338,1
2449576,"Southbank Warehouse, Free Parking & Wifi",3373049,Terry,,Melbourne,-37.82839775,144.9599929,Entire home/apt,109,1,479,10.32,1,259,1
1603051,NY Style Loft in Melbourne CBD (FREE Parking),8530753,Jared SSP,,Melbourne,-37.80754427,144.9667071,Entire home/apt,129,1,439,6.9,98,346,1
411059,Classic and Contemporary Apartment on Collins St,1435566,Sunny,,Melbourne,-37.8164468,144.9605546,Entire home/apt,132,2,367,4.57,1,282,1
74548,City Location-Perfect for Singles,392505,Mario,,Melbourne,-37.8155017,144.9589368,Private room,64,2,366,3.88,1,283,1
3125217,Designer Suite in Central Deco Icon,15874351,Donna,,Melbourne,-37.81620957,144.9670912,Entire home/apt,150,1,364,6.65,2,222,1
5552321,Modern Southbank Apartment. FREE secure parking.,28789055,Pete,,Melbourne,-37.82275411,144.9635545,Entire home/apt,188,1,360,11.18,9,147,1
5952338,Luxury views 1BD apt Heart of Melb,30900122,S&S,,Melbourne,-37.81690078,144.9522015,Entire home/apt,140,1,351,8.01,35,310,1
3891485,Unbeatable Melbourne location,20137311,Amelia & Lloyd,,Melbourne,-37.81489105,144.9717447,Entire home/apt,161,1,341,6.74,7,345,1
1009577,Best Melbourne Location - Carlton,4971509,Nadeen,,Melbourne,-37.79993746,144.9676341,Private room,87,1,325,5.02,17,334,1
6976476,Docklands Harbour 1 Bdrm Apartment,36583291,Razman,,Melbourne,-37.81515436,144.9409308,Entire home/apt,120,1,324,7.77,1,299,1
21541316,Josephine Bed & Breakfast,156596380,Paul,,Melton,-37.58409571,144.6248018,Entire home/apt,150,1,73,5.59,1,231,1
4157611,Self-contained Rural Apartment,21574284,Anna,,Melton,-37.59352311,144.6764005,Entire home/apt,251,1,51,1.11,2,333,1
20444266,Modern 3BDR home + Al Fresco entertainment,145913736,James,,Melton,-37.71270064,144.7532772,Entire home/apt,65,2,47,3.16,1,154,1
17531900,Give you a break in a peaceful house-GREEN room!,118901243,Yun Ja,,Melton,-37.71360646,144.5884371,Private room,46,1,45,2.14,2,149,1
17546099,Give you a break in peaceful house-ROSE room !,118901243,Yun Ja,,Melton,-37.71339668,144.5883707,Private room,42,1,33,1.56,2,150,1
12786423,Eagles on the Tenth-Play & Stay,39577532,Maria,,Melton,-37.79032341,144.5608911,Entire home/apt,170,1,32,1.04,1,347,1
19170169,feel right at home,99145647,Dee,,Melton,-37.71260291,144.5569594,Entire home/apt,220,2,31,1.77,1,286,1
15989622,Classic 5BR 20mins Airport&CBD (Swimming Pool&Gym),103907347,Bo,,Melton,-37.73922997,144.7261693,Entire home/apt,450,2,23,0.92,3,339,1
6096556,Room  in a quite  treelined street,31637193,Ilona,,Melton,-37.71032363,144.7615116,Private room,40,2,23,0.59,2,344,1
20950128,Home Getaway in Central Location (WI-FI),150660631,Mary And Lizz,,Melton,-37.70567318,144.5741478,Entire home/apt,130,2,14,1,2,156,1
2988654,BURWOOD 2 B/R UNIT CLOSE TO CHADSTONE & DEAKIN UNI,3619681,Sally,,Monash,-37.85954551,145.1010646,Entire home/apt,118,1,174,3.22,1,286,1
43429,Tranquil Javanese-Style Apartment in Oakleigh East,189684,Allan,,Monash,-37.899601,145.1144745,Entire home/apt,98,2,168,1.72,1,310,1
9595259,Melbourne stylish private bungalow,4430580,David & Taylor,,Monash,-37.86429048,145.0952018,Entire home/apt,91,1,130,3.53,2,263,1
12615526,Heart of Glen Waverley,64737468,Sally,,Monash,-37.8822909,145.1603487,Entire home/apt,127,3,118,3.73,4,126,1
16877631,Good accommodation in Glen Waverley.,80595935,Feng,,Monash,-37.88109859,145.1651289,Entire home/apt,90,2,99,4.34,5,298,1
12472991,Little Paradise in a Quiet Crt (5 FREE Parks+WiFi),67509538,Libby,,Monash,-37.87567872,145.1830237,Entire home/apt,257,1,94,3.11,1,285,1
18662902,"Beautiful, convenient and quite room for two",20871870,Chenhui,,Monash,-37.90009525,145.1565849,Private room,30,1,88,4.7,11,342,1
18662721,"Bautiful, Convenient & quite  room  for two.",20871870,Chenhui,,Monash,-37.89982787,145.1568604,Private room,42,1,85,4.51,11,358,1
8487827,Private Self Contained Pool House,6708388,Gemma,,Monash,-37.90788579,145.0844951,Entire home/apt,60,2,75,2.09,1,204,1
18439314,2BD Modern Apartment in Chadstone,95845667,Zhijian,,Monash,-37.87646069,145.0921405,Entire home/apt,125,2,74,4.33,1,318,1
6817031,Charming 2 BR Cottage,33542337,Megan,,Moonee Valley,-37.78242711,144.9194127,Entire home/apt,169,1,226,5.39,1,1,1
7842455,Windy Hilton Experience (quirky/modern 1 bed apt),41320703,Grant,,Moonee Valley,-37.75327388,144.9181262,Entire home/apt,138,1,206,5.32,1,69,1
13738449,"NEW HOME own bathroom, spa, near Melbourne Airport",364347,Peter & Mary,,Moonee Valley,-37.73381488,144.8785734,Private room,60,1,183,6.25,2,16,1
13646882,NEW ELEGANT HOME with ensuite near  Airport,364347,Peter & Mary,,Moonee Valley,-37.7332118,144.8814685,Private room,55,1,165,5.68,2,19,1
2998640,Modern Melbourne suburb apartment!,7517450,Corrie,,Moonee Valley,-37.77304094,144.9124725,Entire home/apt,109,2,129,2.36,1,259,1
4639950,"Independent area - bedroom, dining area, bathroom",5709742,Susan,,Moonee Valley,-37.73272927,144.9187905,Entire home/apt,60,1,124,3.63,1,268,1
10735040,Service apartment close to Mel CBD Timjenny house,55494436,Jenny,,Moonee Valley,-37.78387376,144.9387589,Private room,46,4,111,3.19,1,63,1
7987068,Fourteen Down - inner-city delight,14873408,Margaret,,Moonee Valley,-37.78652052,144.9322255,Entire home/apt,96,1,103,3.04,1,6,1
9761258,A home away from home!,20053328,Antarcia,,Moonee Valley,-37.74973896,144.9093717,Entire home/apt,190,4,95,2.7,2,90,1
16587055,Modern Holiday Home Near Airport/CBD WiFi+Netflix,47359593,Roomerang,,Moonee Valley,-37.73986505,144.8764247,Entire home/apt,127,2,95,4.52,1,62,1
641180,Cosy Inner City Studio Eco-Apartment,3079228,Anthony,,Moreland,-37.77593462,144.9692759,Entire home/apt,89,3,255,3.47,1,185,1
496502,Budget-friendly double room,2453853,Airdrie,,Moreland,-37.75570943,144.9717271,Private room,30,2,222,2.86,1,101,1
5195601,Airy urban apartment in older house,23637178,Kristin,,Moreland,-37.76331912,144.9636304,Entire home/apt,120,2,201,4.42,1,114,1
16978915,Funky N Sweet room in a modern boutique apartment,47924527,Ayush,,Moreland,-37.76193036,144.9667225,Private room,65,1,199,8.88,1,62,1
394600,"4/2 Pottery Court Brunswick, Melbourne",485320,Julie,,Moreland,-37.76910366,144.9530439,Entire home/apt,120,2,192,2.38,1,306,1
3303708,Brunswick Studio Apartment,16685808,Gus And Feng Feng,,Moreland,-37.76852929,144.966962,Entire home/apt,130,2,188,3.51,2,300,1
6769395,The Escape-3 story townhouse in trendy Brunswick E,1533260,Ryan,,Moreland,-37.77911141,144.9762607,Entire home/apt,379,1,177,4.34,9,288,1
11332771,2Bed 2bath free Parking&Wifi,44323684,Dawei,,Moreland,-37.76177192,144.9614811,Entire home/apt,159,1,176,5.49,9,103,1
835730,Lovely pad in funky Brunswick,971810,Sarah & Mike,,Moreland,-37.75707227,144.9699981,Entire home/apt,140,4,164,2.27,1,126,1
5364711,Skyview Studio,200780,Bernard,,Moreland,-37.74586207,144.9639257,Entire home/apt,101,1,159,3.45,1,317,1
13364216,Fully self contained private retreat.,75849656,Scott And Jen,,Nillumbik,-37.62588212,145.2958389,Entire home/apt,180,1,297,11.17,1,290,1
8596945,Stone Haven-self contained Yarra Valley Guesthouse,36172263,Belinda,,Nillumbik,-37.68898723,145.2462289,Entire home/apt,138,1,209,7.72,2,86,1
6583159,Hurstbridge Haven,34436217,Richard & Tania,,Nillumbik,-37.63121566,145.2094318,Entire home/apt,120,1,156,3.67,1,350,1
11400278,Spectacular views of Yarra Valley,59836485,Annie,,Nillumbik,-37.64680389,145.3496812,Entire home/apt,108,1,145,4.29,1,2,1
18274702,"Tranquil Retreat, Yarra Valley edge",126346422,Sarah,,Nillumbik,-37.69635603,145.2378017,Entire home/apt,109,1,131,6.93,1,107,1
12522973,Pigeon Bank Country Cottage,13466625,Jacqui,,Nillumbik,-37.6966704,145.2223529,Entire home/apt,190,1,116,3.77,1,341,1
6708178,Jazzeta's two bedroom cottage,28206896,Judd,,Nillumbik,-37.66005647,145.2842365,Entire home/apt,226,1,97,2.3,1,314,1
8002670,Rivington Vue,7600530,Helen,,Nillumbik,-37.71448218,145.1876595,Entire home/apt,120,2,96,2.44,1,224,1
19508980,Valley Views ... 360-Degree Views from a Flat near the Yarra Valley,137012585,Rosalie,,Nillumbik,-37.62228505,145.253639,Entire home/apt,129,1,93,5.43,1,302,1
6169619,Self Contained Accom - Hurstbridge,32009023,Katrina,,Nillumbik,-37.64600316,145.2135679,Entire home/apt,140,2,84,2.53,1,216,1
9687361,Brand New Icon Apt 604+Free Parking,47823384,JoJo,,Port Phillip,-37.85694523,144.983678,Entire home/apt,190,1,339,9.35,6,329,1
10042345,Bay View Apartment The Icon 1202,47823384,JoJo,,Port Phillip,-37.85777805,144.9823101,Entire home/apt,119,1,299,8.52,6,320,1
1127751,St Kilda Chalet: Private & Romantic,2864113,Vicki,,Port Phillip,-37.86598405,144.9823435,Entire home/apt,125,3,294,4.49,1,281,1
9668238,BAY VIEW brand new Apartment 1307,47823384,JoJo,,Port Phillip,-37.85597395,144.9826364,Entire home/apt,100,1,292,7.98,6,275,1
2292052,Luxury Mansion Loft by the Beach,10621363,Paul & Marco,,Port Phillip,-37.86278304,144.9746439,Entire home/apt,100,2,246,4.24,3,300,1
5552322,Close to Melbournes heart. StKilda Road precinct.,28789055,Pete,,Port Phillip,-37.8319667,144.9710829,Entire home/apt,191,1,242,5.42,9,104,1
76867,"City's edge Penthouse - private bath, views!",410806,Judy,,Port Phillip,-37.83228713,144.9684502,Private room,84,2,234,2.49,1,172,1
5417674,Boutique Beach Apartment!,10708254,Melissa,,Port Phillip,-37.86919258,144.9792195,Entire home/apt,121,1,232,5.07,11,355,1
9868014,Spacious Room in Apartment with Spectacular Views,1853683,Christian,,Port Phillip,-37.83216493,144.9684428,Private room,75,1,218,6.47,1,116,1
14983937,Brand New Ocean & Park View Apt in St Kilda 1406,47823384,JoJo,,Port Phillip,-37.85961316,144.9828798,Entire home/apt,199,1,213,7.85,6,325,1
268849,"Unique, Intimately Styled South Yarra Sanctuary",1408673,Little Journey,,Stonnington,-37.83691697,144.9928537,Entire home/apt,115,1,356,4.19,2,65,1
10021541,Luxury apartment in South Yarra. Walk to MCG,1460928,Lola,,Stonnington,-37.84307866,144.9978127,Entire home/apt,137,1,315,9.03,1,95,1
6157462,Cosy and Convenient Apartment in South Yarra,1408673,Little Journey,,Stonnington,-37.83774039,144.9949792,Entire home/apt,120,1,239,6.29,2,88,1
4926397,"Modern, Convenient *Free Wifi",716304,Justin,,Stonnington,-37.85694103,145.0018634,Entire home/apt,71,1,225,4.72,1,61,1
2009201,Contemporary South Yarra Space with Balcony Views,8924888,Chris & Elle,,Stonnington,-37.84093401,144.998053,Entire home/apt,127,3,215,3.53,14,278,1
17216999,Relax in a Sophisticated Retreat in South Yarra,4661583,Simon,,Stonnington,-37.83854725,144.9871585,Entire home/apt,84,1,198,9.28,1,57,1
18999649,Brilliant Prahran location + Boutique Experience,132551906,Wayne,,Stonnington,-37.8506696,144.9913673,Private room,89,1,190,10.31,1,149,1
13400479,Architectural Treehouse Studio,76271947,Sue & Paul,,Stonnington,-37.84802788,144.9880575,Entire home/apt,109,2,189,6.24,1,284,1
2566861,"Home for large groups, Huge backyard, Parking x 3",2674887,Melanie,,Stonnington,-37.83919445,144.9887986,Entire home/apt,249,2,186,3.27,3,263,1
403876,Luxurious Self Contained Pool House,2014143,Abby,,Stonnington,-37.84167429,145.0350475,Entire home/apt,136,3,186,2.47,1,122,1
12255431,Surrey Hills City Retreat- Parking,63169753,Jennifer,,Whitehorse,-37.82513363,145.1003155,Entire home/apt,109,2,111,3.44,1,122,1
1098759,Glenmore Homestyle Accommodation,1771763,Katie,,Whitehorse,-37.83978279,145.1773981,Entire home/apt,90,2,85,1.28,1,335,1
1046449,"Private Room 2 in Box Hill, Melbourne",5509449,Richard,,Whitehorse,-37.80651365,145.1302535,Private room,46,3,83,1.32,3,316,1
1001739,"Private room 1, Box Hill, Melbourne",5509449,Richard,,Whitehorse,-37.80502382,145.1316428,Private room,46,3,81,1.29,3,305,1
8356717,"Artist's retreat, a restful oasis, close to Deakin",19754957,Karen &,,Whitehorse,-37.83363899,145.1027308,Entire home/apt,73,2,76,2.14,1,352,1
506491,"Relax! Private, Stylish Loft & Spa!",2496901,Maureen,,Whitehorse,-37.84329767,145.13555,Private room,78,2,71,0.94,1,281,1
4761426,Rose Hill Quiet & Private Studio.,24568221,Kerrie,,Whitehorse,-37.82655669,145.1304134,Entire home/apt,108,2,70,1.69,3,281,1
4804815,Private Entry Room with Lush Garden and Pool,24753200,Rosemary & Murray,,Whitehorse,-37.8263093,145.1432382,Private room,84,2,69,1.46,1,54,1
16177027,Loft apartment in Burwood - walk to Deakin Uni,50179164,Tim And Rose,,Whitehorse,-37.84971384,145.0963621,Entire home/apt,100,2,64,2.66,1,65,1
14543969,Modern & Brand New 2 Bedrooms Unit,49234472,Virgondo,,Whitehorse,-37.82203927,145.1268941,Entire home/apt,136,3,58,2.09,1,202,1
13008589,Private study space with puffy bed,9660677,Alina,,Whittlesea,-37.69485103,145.0524874,Private room,50,1,76,2.45,1,357,1
16820193,Glamping around the campfire-Farmstay,97919314,Penni,,Whittlesea,-37.53626441,144.9723577,Entire home/apt,80,1,62,2.88,1,146,1
13891378,DAISY-3 Bedrooms +Netflix+BBQ near Airport and DFO,1410571,Vicky,,Whittlesea,-37.68524455,145.0314472,Entire home/apt,127,2,56,1.99,4,147,1
14982383,Mill park house Double bed room only girls,86195403,Jaymi,,Whittlesea,-37.6558381,145.0478133,Private room,40,2,55,2.05,1,281,1
17139882,"Chic, Modern Family Friendly House with Secure Garden",115217632,Bejay,,Whittlesea,-37.58989849,145.1284116,Entire home/apt,145,2,52,2.36,1,319,1
20748123,Private bedroom with ensuite and balcony.,95069369,Jazz,,Whittlesea,-37.67722654,145.0554458,Private room,55,1,38,2.53,1,65,1
20983190,Bluestone Farm Cottage 19th Century - 3BR w/ View,19069648,Maggie,,Whittlesea,-37.59440845,145.0688256,Entire home/apt,210,1,34,2.41,1,350,1
11263151,Comfortable safe with private bathroom + wifi,58797793,Mia,,Whittlesea,-37.62808946,145.0066757,Private room,30,30,31,0.91,1,119,1
13584588,Modern home sleeps up to 6 tram to CBD,53804386,Tessa,,Whittlesea,-37.6895387,145.0588282,Private room,97,1,27,0.91,1,90,1
21326351,Comfortable accommodation.,54624776,Nuna,,Whittlesea,-37.67888315,145.0576754,Private room,46,1,24,1.9,1,37,1
9659125,"4BDR &2 BATH guest house in point cook,melbourne",8668696,Qiaoling,,Wyndham,-37.90191169,144.7340921,Entire home/apt,190,1,155,4.43,2,340,1
5222707,Charming 4BR Home 22 km to Melborne,5598870,Arya,,Wyndham,-37.86522874,144.7225941,Entire home/apt,159,3,124,2.7,1,322,1
14634057,"4 BR & 2 Bath house in Williams Landing, Melbourne",8668696,Qiaoling,,Wyndham,-37.86063725,144.751826,Entire home/apt,169,1,105,3.82,2,315,1
8994613,Enroute to the Great Ocean Road!,31704781,Shae,,Wyndham,-37.83818966,144.7086137,Private room,84,1,98,2.6,1,19,1
8561235,MODERN PRIVATE STUDIO-Wetland Views,45058728,Verena And Aleks.,,Wyndham,-37.91295426,144.7364829,Entire home/apt,73,3,87,2.3,1,13,1
4868852,On Point R&R. LUXURY. PRIVACY. FREE WiFi & brekky.,21301078,Lucille,,Wyndham,-37.90424315,144.7254347,Private room,55,1,84,3.66,1,328,1
9118352,Peaceful position by Werribee River,35257380,Lisa,,Wyndham,-37.89245506,144.6461232,Private room,35,2,66,1.76,1,350,1
17836790,Family home with large spare room,93994353,Sandra,,Wyndham,-37.90976063,144.6678261,Private room,46,1,65,3.17,1,144,1
18832356,Spacious Top Floor Apartment in Melbourne's West,4054199,Sarina & Fiona,,Wyndham,-37.86517386,144.7403329,Entire home/apt,100,2,64,3.62,1,251,1
17593320,**A brand new house** in a park view location,119546632,Leon,,Wyndham,-37.90163879,144.6159825,Entire home/apt,161,1,58,2.88,1,48,1
999067,"The Stables, Island of Richmond",5491435,Ione,,Yarra,-37.81970458,144.9912537,Entire home/apt,100,1,538,7.76,1,280,1
150729,"Fabulous Fitzroy, gorgeous Gertrude St.   No Ikea!",376675,Ramona,,Yarra,-37.80508446,144.9794238,Private room,90,3,478,5.32,2,104,1
72576,"Stunning Fitzroy, own level + bathroom.  No Ikea!",376675,Ramona,,Yarra,-37.80688626,144.9794551,Private room,120,3,431,4.61,2,243,1
1093015,Bright apartment in vibrant Fitzroy,457638,Kate And Has,,Yarra,-37.80579191,144.9782208,Entire home/apt,130,2,362,5.38,1,270,1
6516619,RICHMOND WAREHOUSE WONDER!!!,18076864,Sean,,Yarra,-37.8228561,144.9909927,Entire home/apt,96,1,347,8.07,2,315,1
4710172,Fantastic Fitzroy Treetop Apartment,24340680,Peter,,Yarra,-37.80334709,144.9742977,Entire home/apt,100,2,325,6.68,3,277,1
1815508,Feels Like Home! Heart of Richmond,9509273,Jo,,Yarra,-37.82218291,145.000361,Entire home/apt,96,2,320,5.22,2,270,1
2291815,Comfortable Sunny Fitzroy Studio,2209565,Emily And Sam,,Yarra,-37.80565182,144.9782432,Entire home/apt,125,2,308,5.85,1,312,1
7270659,Fantastic Fitzroy Garden Apartment,24340680,Peter,,Yarra,-37.80366688,144.9745754,Entire home/apt,100,2,290,7.05,3,268,1
2139835,Collingwood Fitzroy light spacious secure 1bdr apt,4601048,Naomi,,Yarra,-37.80493415,144.9888145,Entire home/apt,136,2,282,4.73,2,239,1
9734834,Nelsey's in Healesville,50228571,Janelle,,Yarra Ranges,-37.66467783,145.5149153,Entire home/apt,85,1,421,11.51,1,313,1
15116206,Little House on the Hill,13623734,Bruce,,Yarra Ranges,-37.7504418,145.7032664,Entire home/apt,80,1,304,11.3,1,57,1
5739222,Masquerade,7600086,John,,Yarra Ranges,-37.81789392,145.3753702,Private room,109,1,298,6.66,4,342,1
4779713,Queen room with private bathroom,3867781,Katherine,,Yarra Ranges,-37.65593616,145.5198463,Private room,80,1,254,5.3,1,251,1
8814699,"Sandy's Retreat, free Wi Fi, off street parking",20400356,Sandy And Ange,,Yarra Ranges,-37.65652399,145.5288952,Entire home/apt,190,1,244,8.23,6,297,1
1585478,Private comfy room in Yarra Glen.,959186,Frank,,Yarra Ranges,-37.6521402,145.3734452,Private room,80,1,239,3.93,1,300,1
12837696,Alpine Studio Retreat,70094226,Alex,,Yarra Ranges,-37.75759899,145.6833954,Entire home/apt,64,1,230,7.42,1,134,1
11930431,Bluegum Cottage in Healesville.,63681617,Damien,,Yarra Ranges,-37.68392453,145.5410527,Entire home/apt,115,2,223,6.81,1,312,1
1274043,Views to die for - Kangaroo Room,4681384,Louise,,Yarra Ranges,-37.8056816,145.6456767,Private room,199,1,210,3.18,2,279,1
161033,Healesville Yarra Valley Cottage,770883,Karen,,Yarra Ranges,-37.6328188,145.4976618,Entire home/apt,80,2,203,2.29,1,332,1
