Theme,Sub Theme,Feature Name,x_cor,y_cor,des,picture_url
Health Services,Private Hospital,St Vincent's Private Hospital Melbourne,-37.79831113,144.9572884,"St Vincent's Private Hospital Melbourne (formerly known as St Vincent's & Mercy Private Hospital) is a private hospital  group in Victoria of Australia that is located across four campuses in the Melbourne suburbs of Fitzroy,  East Melbourne , Kew and Werribee, Victoria.
Each campus is denominated St Vincent 's Private Hospital. with the associated suburb included as an addendum to the designation.",https://upload.wikimedia.org/wikipedia/commons/7/78/St_Vincents_%26_Mercy_Private_Hospital_1a.jpg
Health Services,Private Hospital,Epworth Freemasons Hospital : Medical Centre,-37.80934446,144.9823368,"Established in 1937, Epworth Freemasons (formerly the Freemasons Hospital),  located at 166 Clarendon St in East Melbourne,
was a practical expression of the work of Freemasonry in the Victorian community. It is now run by Epworth Healthcare.",https://upload.wikimedia.org/wikipedia/commons/2/2b/Epworth_Freemasons_Hospital_East_Melbourne.jpg
Health Services,Public Hospital,The Royal Victorian Eye & Ear Hospital,-37.80875228,144.9762683,"The Royal Victorian Eye and Ear Hospital (the Eye and Ear) is a specialist public teaching hospital in East Melbourne,  Australia.
It is the only hospital in Australia which specialises in both ophthalmology and otolaryngology.",https://upload.wikimedia.org/wikipedia/commons/1/17/Royal_Victorian_Eye_and_Ear_Hospital.jpg
Health Services,Public Hospital,Royal Womens Hospital,-37.79888925,144.9548973,"The Royal Women's Hospital, located in the Melbourne suburb of Parkville,  is Australia's oldest specialist women's hospital.
gynaecology, maternity It offers a full range of services in maternity, women's cancers and women's health.[1] It also offers complementary services such as social work, physiotherapy,  dietetics and pastoral care. Specialist clinics in endometriosis, chronic pelvic pain, menopause symptoms after cancer,  infertility[2] are also available. It is a major teaching hospital of over 200 beds with links to the University of  Melbourne and La Trobe University. Co-located in the same building is the Frances Perry Private Hospital,  a 69-bed private hospital for women.",https://upload.wikimedia.org/wikipedia/commons/a/aa/Royal_Women%27s_Hospital_Mel_1a.jpg
Health Services,Public Hospital,Royal Childrens Hospital,-37.79420608,144.9500483,"The Royal Children's Hospital (RCH) is a major children's hospital in Melbourne, Australia.

As a major specialist paediatric hospital in Victoria,  the Royal Children's Hospital provides a full range of clinical services, tertiary care,  as well as health promotion and prevention programs for children and young people",https://upload.wikimedia.org/wikipedia/commons/7/7f/The_Royal_Children%27s_Hospital%2C_Melbourne.jpg
Health Services,Public Hospital,Alfred Hospital,-37.84626312,144.9817863,"The Alfred Hospital, also known as The Alfred or Alfred Hospital,  is a leading tertiary teaching hospital in Melbourne, Victoria.
It is the second oldest hospital in Victoria, and the oldest Melbourne hospital still operating on its original site",https://upload.wikimedia.org/wikipedia/commons/7/7d/The_Alfred.jpg
Health Services,Public Hospital,Royal Melbourne Hospital,-37.79930717,144.9563897,"The Royal Melbourne Hospital (RMH), located in Parkville, Victoria, an inner suburb of Melbourne,  is one of Australia's leading public hospitals.
It is a major teaching hospital for tertiary health care with a reputation in clinical research managed as part of Melbourne Health which comprises the Royal Melbourne Hospital,  North West Dialysis Service and North Western Mental Health. The Melbourne Health Chief Executive is Christine  Kilpatrick AO.",https://upload.wikimedia.org/wikipedia/commons/c/c7/Royal_melbourne_hospital.jpg
Health Services,Public Hospital,Peter Maccallum Cancer Institute,-37.81147667,144.9774009,"The Peter MacCallum Cancer Centre,  also known as the Peter MacCallum Cancer Institute and commonly abbreviated as Peter Mac, 2.
is an Australian oncology research institute,  cancer treatment and professional oncologist training centre located in Melbourne,  Victoria. The centre is named in honour of Sir Peter MacCallum.[1] Since June 2016,  the centre has been located within the Victorian Comprehensive Cancer Centre (VCCC) in Parkville.",https://upload.wikimedia.org/wikipedia/commons/2/27/Victorian_Comprehensive_Cancer_Centre.jpg
Leisure/Recreation,Leisure/Recreation,Alkira House,-37.818325,144.962536,"Alkira House , a 1937 six storey inter-war building, was designed by J H Wardrop, who also designed the Shrine of Remembrance. The use of glass bricks, distinct tiles and the vertical design make this building a rare example of Jazz Moderne Art Deco architecture in Melbourne.",https://upload.wikimedia.org/wikipedia/commons/d/d3/Alkira_house_queen_street_melbourne.jpg
Leisure/Recreation,Leisure/Recreation,"Looking West Collins St.,  ",-37.816611,144.963815,"The MLC (Mutual Life and Citizens Assurance) Building was designed by architect Kingsley Henderson and erected in 1930. An inter-war building, its twelve floors with art-deco detailing lead stylishly to a sky-scraper tower. It was demolished in 1960 to make way for a new MLC building.",https://upload.wikimedia.org/wikipedia/commons/2/25/Collins_Street_east_end.jpg
Leisure/Recreation,Leisure/Recreation,"Treasury Building,  ",-37.8130283,144.9745209,"17 postcard views in a booklet. -- Printed on cover l.c.:Buildings, Streets & Parks. -- Printed by The Speciality Press Pty. Ltd., 189 little Collins St., Melbourne. -- PRINCES BRIDGE MELBOURNE--BOURKE ST. MELBOURNE, LOOKING WEST.--ON THE BLOCK COLLINS",https://upload.wikimedia.org/wikipedia/commons/0/0e/OTBfrontCOLOUR2.jpg
Leisure/Recreation,Leisure/Recreation,"Flinders Street Railway Station,  ",-37.816485,144.966989,"Flinders Street Station was designed by JW Fowcett and GPG Ashworthand was  finally completed in 1910.  Electric trains began arriving and departing in 1919. Flinders Street is now Melbourne_炉_驴_陆s busiest station and one of the city_炉_驴_陆s most iconic buildings, used by over 100,000 people every day. The clocks across the arch, part of the original design, show the times of departing trains, and continue to be a popular meeting place for Victorians. In 2013 the State Government announced a billion dollar refurbishment, to include a water-front amphitheatre and a market whilst still retaining the iconic dome and arched entrance.",https://upload.wikimedia.org/wikipedia/commons/7/7e/Flinders_Street_Station_Melbourne_March_2021.jpg
Leisure/Recreation,Leisure/Recreation,Coles Book Arcade,-37.814029,144.964717,"Cole's Book Arcade opened in 1883 in what is now the Bourke Street Mall. It boasted over 2 million new and second hand books and was famous around the world. The store offered a jovial atmosphere for its customers with a pianist, a fernery and menagerie, along with toys and a confectionery department. Cole provided comfortable chairs for customers and encouraged them to read without buying. Cole also published many editions of his own picture book, Cole's Funny Picture Book, which sold in the hundreds of thousands. EW Cole died in 1918, but the Melbourne Arcade continued until 1929.",https://upload.wikimedia.org/wikipedia/commons/9/9e/BourkeStreetMall-rain.jpg
Leisure/Recreation,Leisure/Recreation,St. Francis Church,-37.81173325,144.9624786,"St Francis Church is the oldest Catholic Church in Melbourne, built originally as a wooden church in 1841 and designed by Samuel Jackson. It was rebuilt and reopened in 1845 and subsequently had various features added, such as _垄芒____adye Chapel_垄芒__⑩_?in the mid-1850s. It is still very popular today - with over 10,000 weekly attendees.",https://upload.wikimedia.org/wikipedia/commons/7/74/Saint_Francis_Church_Melbourne_01.jpg
Leisure/Recreation,Leisure/Recreation, Public Library,-37.81000137,144.9649963,"The competition to design the State Library of Victoria was won by Joseph Reed, the architect of many of Melbourne's notable buildings. The first Library building opened in February 1856, during the Victorian gold rush. The building, which is in fact made up of 23 buildings, takes up an entire city block. It has also housed, for a time, the Museum and National Gallery of Victoria. Highlights include the grand portico, the spectacular domed La Trobe Reading Room and the splendid Redmond Barry Reading Room. A fully history of the Library is available online.",https://upload.wikimedia.org/wikipedia/commons/7/78/State_Library_of_Victoria_-_right_side.jpg
Leisure/Recreation,Leisure/Recreation, Mint,-37.81221771,144.957077,"The Melbourne Mint was opened in 1872. Modelled after the Palazzo_炉_驴_陆Vidoni-Caffarelli_炉_驴_陆in Rome, the original plans by Ward & Comber called for a building three storey high and almost double the width of the building we see today. However William Wardell, the Inspector-General of Public Works, was instructed to reduce costs, so architect John James Clark modified the plans to a more restrained two storeys. From 1916 to the 1960s, most of the coins produced in Australia were created on this site. After decimal currency was introduced in the late 1960s, and the Commonwealth Mint in Canberra was opened, there was no longer a need for a mint in Melbourne. The building is now home to the Hellenic Museum. ",https://upload.wikimedia.org/wikipedia/commons/9/93/Melbourne_Mint_corner.jpg
Leisure/Recreation,Leisure/Recreation,Leviathan Corner,-37.813434,144.965256,"The Leviathan was designed by Bates, Peebles & Smart and completed in 1913. The Leviathan Clothing Store was the first large clothing department store established in the centre of Melbourne. The original white fa_炉_驴_陆ade and elegant detailing beneath the windows highlight this Edwardian design.",https://upload.wikimedia.org/wikipedia/commons/7/72/Leviathan_building_bourke_street_melbourne.jpg
Leisure/Recreation,Leisure/Recreation,Queensland Building,-37.817168,144.959167," The Queensland building was built in 1913 and designed by Walter Butler and Richard Norman Bradshaw.  This brick and sandstone six storey building was the headquarters of the Queensland Insurance Company.  Butler was influenced by the English Arts and Craft movement, which applied detailed decoration to buildings. On the ground floor of the Queensland building you can see carved images of flowers and fruit.  Another feature of this Edwardian classic is the semi- circular matching bays windows, which rise to a pair of balconettes .",https://rosetta.slv.vic.gov.au/delivery/DeliveryManagerServlet?dps_func=stream&dps_pid=FL16244951
Leisure/Recreation,Leisure/Recreation,The   Athenaeum,-37.81483841,144.9672546,"The Athenaeum, designed by Smith and Johnson, began life as the Mechanics Institute in 1839. In 1873 a public lending library was introduced and it still operates there today. The building was completed in 1886. It was converted into a cinema in 1924 when it premiered talking pictures in Australia. Today it is used for plays, musicals and every year it hosts the Melbourne International Comedy festival.",https://upload.wikimedia.org/wikipedia/commons/8/8c/Melbourne_Athenaeum_2020.jpg
Leisure/Recreation,Leisure/Recreation,Parliament House,-37.81125935,144.9733765,"Parliament House commenced construction in 1856, and was continually added to until 1929. This is one of Australia_炉_驴_陆s premier 19th century buildings. Designed by government architect, Charles Pasley, the location was selected by colonial surveyor, Robert Hoddle, who placed it at the top of Bourke Street to overlook the city. The strong European influence is reflected in the Romanesque grand columns and Classical Greek sculptural reliefs. The original design also included a dome, but was cancelled due to cost. The building was used the Commonwealth Parliament from 1901-1927.",https://upload.wikimedia.org/wikipedia/commons/1/16/Parliament_House_Melbourne_2010.jpg
Leisure/Recreation,Leisure/Recreation,Manchester Unity Building,-37.815492,144.966541,"The Manchester Unity Building, designed by Marcus Barlow, was built in 1932 and was the tallest building in Melbourne at that time. Inspired by Chicago_炉_驴_陆s Tribune Tower, the Unity building was erected during the depression and employed workers around the clock. The 11 floors were added in just three months. Its prominent tower and graceful design makes it one of Melbourne_炉_驴_陆s most elegant buildings.",https://upload.wikimedia.org/wikipedia/commons/a/ac/Manchester_Unity_Building_2021.jpg
Leisure/Recreation,Leisure/Recreation,Aerial View Of Spring Street,-37.809459,144.972097,"Aerial view along Spring Street towards South Melbourne, showing Parliament Gardens, Parliament House and Treasury Building, with Yarra River and Government House in distance. Windsor Hotel near centre, Princess Theatre at lower right.",https://upload.wikimedia.org/wikipedia/commons/9/9f/Caroline_Springs_Vic_aerial2.jpg
Leisure/Recreation,Leisure/Recreation, Town Hall,-37.8153,144.966435,"The Melbourne Town Hall was opened in 1870 and was designed by prominent architect Joseph Reed, who is responsible for a number of Melbourne buildings. The Town Hall was constructed from a mix of bluestone and Tasmania freestone, and features include the Town Hall clock, made by Smith and Sons of London, and the portico, which was added in the 1880s. As well acting as the central municipal building, it is a venue for live theatre, music, comedy and weddings.",https://upload.wikimedia.org/wikipedia/commons/5/53/Melbourne_Town_Hall_%28December_2014%29.jpg
Leisure/Recreation,Leisure/Recreation,Opera House,-37.81334305,144.9663239,"The Tivoli Arcade is all that is left of the original Tivoli Theatre, which suffered extensive fire damage in 1967. From 1914 through 1966, the Tivoli was one of Melbourne_炉_驴_陆s most popular vaudeville theatres. Designed by William Pitt, it was originally named the New Opera House which showed the first motion picture in Australia. The venue subsequently hosted a plethora of international entertainers such as Houdini, WC Fields, Shirley Bassey and Chico Marx.",https://upload.wikimedia.org/wikipedia/commons/4/48/The_Opera_House%2C_Wellington.jpg
Leisure/Recreation,Leisure/Recreation,Royal Arcade,-37.81409836,144.9640045,"The Royal Arcade was opened in 1870 and is Melbourne_炉_驴_陆s oldest arcade, designed by Charles Webb. The arcade features statues of the mythical characters Gog and Magog on either side of Gaunt_炉_驴_陆s Clock, installed by Thomas Gaunt who established Melbourne's leading watchmaking, optical and jewellery business. Royal Arcade offers boutique shopping beneath an elegant glass ceiling. The high, graceful arches reflect the European influence in the building.",https://upload.wikimedia.org/wikipedia/commons/3/31/Block_Arcade_Melbourne.jpg
Leisure/Recreation,Leisure/Recreation,Colonial Mutual,-37.816345,144.963683,"Colonial Mutual Building was built in 1894 and designed by Edward E Raht - this seven storey building was one of the grandest Melbourne has seen. Marble was imported for the floors and walls and local granite used for construction. Its heavy set and broad columns dominated the street and dwarfed passers-by. The arch entrance featured a metal sculpture showing a figure protecting a mother and children, which has since been relocated to the University of Melbourne. The building was demolished in 1960 when it was no longer economically viable to preserve it.",https://upload.wikimedia.org/wikipedia/commons/1/1d/CML_Building_standing_alone.jpg
Leisure/Recreation,Leisure/Recreation,Holyman House,-37.819033,144.961251,"Designed by John Gill, Holyman House was a three storey bluestone warehouse was built in 1858 for wool merchant Richard Goldsborough. It was originally used to house wool before delivery to the nearby docks. The first storey window pediments alternate between arched and pointed, and the well-proportioned and symmetrical design reflects an Italian Renaissance influence.",https://upload.wikimedia.org/wikipedia/commons/d/dd/Holyman_House%2C_Launceston.JPG
Leisure/Recreation,Leisure/Recreation,Capitol Theatre,-37.81494904,144.9659576,"The Capitol Theatre opened in 1924 and was designed by Walter Burley Griffin and Marion Mahony Griffin. The Capitol theatre_炉_驴_陆s highlight is the art deco plaster ceiling, which contains hidden lights. Originally it operated as Melbourne_炉_驴_陆s first picture palace. Despite demolition of the ground floor and stalls, the upper foyers and the front facade remain unharmed. In 1999, it was purchased by Royal Melbourne Institute of Technology, but it still operates as a public film and live performance venue.",https://upload.wikimedia.org/wikipedia/commons/3/3e/Capitol_Theatre_Melbourne_white_lighting.jpg
Leisure/Recreation,Leisure/Recreation,Elizabeth Street,-37.814248,144.963159,"Beehive Clothing Company occupied a two storey building on the corner of Bourke and Elizabeth Streets. It was a large merchant tailor store built in the 1870s and demolished in the early 1900s. It was replaced with the London Stores, completed in 1925 and still in use today.",https://upload.wikimedia.org/wikipedia/commons/2/2d/Elizabeth_St_Melbourne_2010.jpg
Leisure/Recreation,Leisure/Recreation,Spencer Street Bridge,-37.82219696,144.9548035,The Spencer Street Bridge was built by the Victorian Railways Construction Branch in 1929-30.  The demand for the bridge demonstrated the growing importance of motor vehicle traffic to Melbourne's commerce.,https://upload.wikimedia.org/wikipedia/commons/0/0d/Spencer_Street_Bridge.jpg
Leisure/Recreation,Leisure/Recreation,The Argus And Australasian,-37.815405,144.967597,"The Argus & Australasian building was home to The Argus daily newspaper and The Australasian, a weekly paper, until the Argus Building was constructed in La Trobe Street in 1924. The Argus was established in 1846 and closed in 1957, while The Australasian started in 1864. The Australasian became The Australasian Post in 1946, and the Aussie Post in 1997. The paper closed in 2002.",https://upload.wikimedia.org/wikipedia/commons/0/0c/ArgusOfficeMelbourne.jpg
Leisure/Recreation,Informal Outdoor Facility (Park/Garden/Reserve),Carlton Gardens South,-37.80606846,144.9712665,"The Carlton Gardens is a World Heritage Site located on the northeastern edge of the Central Business District in the suburb of Carlton, in Melbourne, Australia. A popular picnic and barbecue area, the heritage-listed Carlton Gardens are home to an array of wildlife, including brushtail possums.",https://upload.wikimedia.org/wikipedia/commons/c/cd/Carlton_gardens.jpg
Leisure/Recreation,Major Sports & Recreation Facility,State Netball Hockey Centre,-37.785786,144.947581,"The 26-hectare (64-acre) site contains the Royal Exhibition Building, Melbourne Museum and Imax Cinema, tennis courts and an award-winning children's playground. The rectangular site is bound by Victoria Street, Rathdowne Street, Carlton Street, and Nicholson Street. From the Exhibition building the gardens gently slope down to the southwest and northeast. According to the World Heritage listing the Royal Exhibition Buildings and Carlton Gardens are ""of historical, architectural, aesthetic, social and scientific (botanical) significance to the State of Victoria.""",https://upload.wikimedia.org/wikipedia/commons/d/de/State_Netball_Hockey_Centre.jpg
Leisure/Recreation,Major Sports & Recreation Facility,Carlton Football Club,-37.78408644,144.9619678,"The Carlton Football Club, nicknamed the Blues,
is a professional Australian rules football club that competes in the Australian Football League (AFL) the sport's top professional competition.",https://en.wikipedia.org/wiki/Carlton_Football_Club#/media/File:Carlton_FC_Logo_2020.svg
Leisure/Recreation,Major Sports & Recreation Facility,Visy Park,-37.78343039,144.9619826,"Princes Park (or Carlton Recreation Ground,  currently known by its sponsored name Ikon Park) is an Australian rules football ground located inside the wider Princes Park in the inner Melbourne suburb of Carlton North.
It is a historic venue, having been the home ground of the Carlton Football Club since 1897",https://upload.wikimedia.org/wikipedia/commons/5/5b/Ikon_park_04.03.17.jpg
Leisure/Recreation,Informal Outdoor Facility (Park/Garden/Reserve),Carlton Gardens North,-37.80176908,144.9719976,"The Carlton Gardens is a World Heritage Site located on the northeastern edge of the Central Business District in the  suburb of Carlton, in Melbourne, Australia. 
A popular picnic and barbecue area,  the heritage-listed Carlton Gardens are home to an array of wildlife, including brushtail possums.",https://upload.wikimedia.org/wikipedia/commons/2/27/Aerial_Photo_of_Royal_Exhibition_Building%2C_Melbourne.jpg
Leisure/Recreation,Informal Outdoor Facility (Park/Garden/Reserve),Kings Domain,-37.82552398,144.9741079,"Kings Domain is an area of parklands in Melbourne, Victoria, Australia. It surrounds Government House Reserve,
the home of the governors of Victoria, the Sidney Myer Music Bowl,  and the Shrine Reserve incorporating the Shrine of Remembrance.",https://upload.wikimedia.org/wikipedia/commons/6/63/GovernmentHouseMelbourne1_gobeirne.jpg
Leisure/Recreation,Major Sports & Recreation Facility,Flemington Racecourse,-37.79080826,144.912143,"Flemington Racecourse is a major horse racing venue located in Melbourne, Victoria,  Australia.
 It is most notable for hosting the Melbourne Cup,  which is the world's richest handicap and the world's richest 3200-metre horse race. The racecourse is situated on low  alluvial flats, next to the Maribyrnong River. The area was first used for horse racing in March 1840.",https://upload.wikimedia.org/wikipedia/commons/5/51/Flemington_main_stand%2C_2013_Melbourne_Cup.jpg
Leisure/Recreation,Informal Outdoor Facility (Park/Garden/Reserve),Treasury Gardens,-37.81439936,144.9759523,"The Treasury Gardens consist of 5.8 hectares (14 acres) on The south - eastern side of The Melbourne Central Business District,
East Melbourne, Victoria, Australia. The gardens are bounded by Wellington Parade, Spring Street, Treasury Place,
and by the Fitzroy Gardens across Lansdowne street to the west. They form part of a network of city gardens including  Fitzroy Gardens, Carlton Gardens,  Flagstaff Gardens and Kings Domain. The gardens are listed on the Victorian Heritage Register for their historical,  archaeological, social,  ""aesthetic and scientific (horticultural) importance for its outstanding nineteenth century design,  path layout and planting"".",https://upload.wikimedia.org/wikipedia/commons/5/52/Treasury_gardens_2.jpg
Leisure/Recreation,Informal Outdoor Facility (Park/Garden/Reserve),Batman Park,-37.82184609,144.9566658,"Batman Park is an urban park, located on the northern bank of the Yarra River in central Melbourne, Victoria, Australia.",https://upload.wikimedia.org/wikipedia/commons/8/89/Batman_Park1.jpg
Leisure/Recreation,Informal Outdoor Facility (Park/Garden/Reserve),Richmond Football Club,-37.821674,144.9881563,"The Richmond Football Club, nicknamed the Tigers,  is an Australian rules football team playing in the Australian Football League (AFL).
Between its inception in the Melbourne suburb of Richmond in 1885 and 1907, the club competed in the Victorian Football Association (VFA),  winning two premierships. Richmond joined the Victorian Football League (now known as the AFL) in 1908 and has since won  13 premierships, most recently in 2020.",https://upload.wikimedia.org/wikipedia/en/3/35/Richmond_Tigers_logo.svg
Leisure/Recreation,Major Sports & Recreation Facility,Melbourne Cricket Ground (MCG),-37.81949216,144.9834029,"The Melbourne Cricket Ground (MCG),  also known locally as ""The 'G"",is an Australian sports stadium located in Yarra Park, Melbourne, Victoria.
Founded and managed by the Melbourne Cricket Club, it is the largest stadium in the Southern Hemisphere, the 11th largest globally,  and the second largest cricket ground by capacity. The MCG is within walking distance of the city centre and is served  by Richmond and Jolimont railway stations, as well as the route 70, route 75,  and route 48 trams. It is adjacent to Melbourne Park and is part of the Melbourne Sports and Entertainment Precinct.",https://upload.wikimedia.org/wikipedia/commons/4/42/2017_AFL_Grand_Final_panorama_during_national_anthem.jpg
Leisure/Recreation,"Outdoor Recreation Facility (Zoo, Golf Course)",Melbourne Zoo,-37.78444493,144.9513712,"Melbourne Zoo is a zoo in Melbourne, Australia. It is located within Royal Park in Parkville,  approximately 4 kilometres (2.5 mi) north of the centre of Melbourne.
The zoo contains more than 320 animal species from Australia and around the serving Melbourne world, and is accessible via Royal Park station on the Upfield railway line,  and is also accessible via tram routes 58 and 19,  as well as by bicycle on the Capital City Trail. Bicycles are not allowed inside the zoo itself.",https://upload.wikimedia.org/wikipedia/en/7/7a/MelbourneZooLogo.jpg
Leisure/Recreation,Informal Outdoor Facility (Park/Garden/Reserve),Queen Victoria Gardens,-37.82163812,144.9710495,"The Queen Victoria Gardens are Melbourne's memorial to Queen Victoria.
Located on 4.8 hectares (12 acres) opposite the Victorian Arts Centre and the National Gallery of Victoria, bounded by St Kilda Road, Alexandra Avenue and Linlithgow Avenue",https://upload.wikimedia.org/wikipedia/commons/6/6d/Queen_Victoria_Gardens.jpg
Leisure/Recreation,Informal Outdoor Facility (Park/Garden/Reserve),Federation Square,-37.81785166,144.9689636,"Federation Square (colloquially Fed Square) is a venue for arts,  culture and public events on the edge of the Melbourne central business district.
It covers an area of 3.2ha (7.9 acres) at the intersection of Flinders and Swanston Streets built above busy railway lines and across the road from Flinders Street station. It incorporates major cultural institutions such as the Ian  Potter Centre,  Australian Centre for the Moving Image (ACMI) and the Koorie Heritage Trust as well as cafes and bars in a series of  buildings centred around a large paved square, and a glass walled atrium.",https://upload.wikimedia.org/wikipedia/commons/8/85/Federation_Square_%285399921791%29.jpg
Leisure/Recreation,Informal Outdoor Facility (Park/Garden/Reserve),New Quay,-37.81521788,144.9416179,"New Quay (Welsh:  Cei Newydd) is a seaside town (and electoral ward) in Ceredigion, Wales,  with a resident population of around 1,200 people,[1]
reducing to 1,082 at the 2011 census. Located 19 miles (31 km) south-west of Aberystwyth on Cardigan Bay with a harbour and large sandy beaches,  it lies on the Ceredigion Coast Path. It remains a popular seaside resort and traditional fishing town,[2] with strong  family and literary associations with the poet Dylan Thomas, and his play, Under Milk Wood.",https://upload.wikimedia.org/wikipedia/commons/4/48/New_Quay_Harbour_-_geograph.org.uk_-_558613.jpg
Leisure/Recreation,Informal Outdoor Facility (Park/Garden/Reserve),Docklands Park,-37.82099568,144.9467817,"Docklands (also known as Melbourne Docklands to differentiate it from London Docklands) is an inner-city suburb in  Melbourne, Victoria, Australia, 2 km (1.2 mi) west of Melbourne's Central Business District,
located within the City of Melbourne local government area. Docklands recorded a population of 15,495 at the 2021 census.",https://upload.wikimedia.org/wikipedia/commons/d/db/Etihad_Stadium%2C_Melbourne_2017-10-28.jpg
Leisure/Recreation,Major Sports & Recreation Facility,AAMI Park,-37.82472527,144.983803,"The Melbourne Rectangular Stadium, known as AAMI Park for sponsorship reasons,
is an outdoor sports stadium on the site of Edwin Flack Field in the Sports and Entertainment Precinct in the Melbourne  central business district.",https://upload.wikimedia.org/wikipedia/commons/6/6a/Melbourne_Rectangular_Stadium.JPG
Leisure/Recreation,Observation Tower/Wheel,Melbourne Star Observation Wheel,-37.81161637,144.9375889,"The Melbourne Star (previously Southern Star) is a 120 metre tall observation wheel in the Waterfront City precinct in  the Docklands area of Melbourne,
the state capital of Victoria, Australia.",https://upload.wikimedia.org/wikipedia/commons/9/94/Melbourne_Star_Observation_Wheel.jpg
Leisure/Recreation,Major Sports & Recreation Facility,Rod Laver Arena,-37.82204561,144.9784872,"Rod Laver Arena is a multipurpose located arena within Melbourne Park, in Melbourne, Australia.
The arena is the main venue for the Australian Open, the first Grand Slam tennis tournament of the calendar year.",https://upload.wikimedia.org/wikipedia/commons/8/88/Rod_Laver_Arena_Melbourne_Park_Australian_Open_2023_quarter_final.jpg
Leisure/Recreation,Major Sports & Recreation Facility,Melbourne Park,-37.8209086,144.9787358,"Melbourne Park is a sports venue in the Melbourne Sports and Entertainment Precinct in Melbourne, Victoria, Australia.
Since 1988 Australia's bicentenary,  Melbourne Park has been home of the Australian Open Grand Slam tennis tournament played annually in January. The park  has multiple venues where the Australian Open matches take place. Rod Laver Arena is the largest venue with a capacity  Of the 15000, while John Cain Arena seats 10,500 and Margaret Court Arena 7500. The venues feature retractable roofs, allowing events to be played indoors or outdoors. Besides,  there is the Show Court 3 and 1573 Arena which both have a 3,000 seating capacity, and the new 5000-seat Kia Arena (opened in 2022). In total there are 35 outdoor Greenset tennis courts at Melbourne  Park.",https://upload.wikimedia.org/wikipedia/commons/1/14/Melbourne_Park_-_Tennis.jpg
Leisure/Recreation,Major Sports & Recreation Facility,Margaret Court Arena,-37.82132521,144.9775911,"Margaret Court Arena is a multi-purpose sports and entertainment venue located in Melbourne Park in Melbourne,  Victoria, Australia.
The arena, which was built in 1987 and redeveloped in the mid-2010s, has a capacity of 7,500.",https://upload.wikimedia.org/wikipedia/commons/e/e4/Margaret_Court_Arena_%28Australian_Open_2017%29.jpg
Leisure/Recreation,Major Sports & Recreation Facility,Hisense Arena,-37.82311,144.9818348,"John Cain Arena is a multi-purpose sports and entertainment arena located within Melbourne Park in Melbourne,  Victoria, Australia.
It is the second-largest venue and show court for the Australian Open,  the first Grand Slam professional tennis tournament held each calendar year. The arena also hosts various other sporting  and entertainment events throughout the year.",https://upload.wikimedia.org/wikipedia/commons/9/9c/Hisense_Arena_January_2016.jpg
Leisure/Recreation,Informal Outdoor Facility (Park/Garden/Reserve),Birrarung Marr,-37.81806108,144.9731467,"Birrarung Marr is an inner-city park between the central business district in Melbourne, Victoria,  Australia and the Yarra River.
It was opened in 2002. The name refers to the bank of Birrarung, the 'river of mists', in the Woiwurrung language of the Wurundjeri people,  the Indigenous inhabitants at the time of European colonisation of the Melbourne area.",https://upload.wikimedia.org/wikipedia/commons/a/aa/Birrarung_Marr_pedestrian_bridge.jpg
Leisure/Recreation,Informal Outdoor Facility (Park/Garden/Reserve),North Melbourne Recreation Reserve,-37.79883453,144.9414521,"Arden Street Oval (also known as North Melbourne Cricket Ground) is a sports oval in North Melbourne, Victoria.
It is currently the training base of the North Melbourne Football Club, an Australian rules football club,  and up to the end of the 1985 season it was used as the team's home ground for Victorian Football League (VFL) matches.",https://upload.wikimedia.org/wikipedia/commons/c/c4/Arden_street_from_air.jpg
Leisure/Recreation,Informal Outdoor Facility (Park/Garden/Reserve),J.J Holland Park,-37.79823588,144.9238371,"J.J. Holland Park is a large multi-use park in the Melbourne suburb of Kensington. It is named after John Joseph Holland (1877 -- 1955), who was the Member of the Legislative Assembly for Flemington over 30 years from 1925.",https://upload.wikimedia.org/wikipedia/commons/f/f2/J.J._Holland_Park.jpg
Leisure/Recreation,Informal Outdoor Facility (Park/Garden/Reserve),Royal Park,-37.79061743,144.9538342,"Royal Park is the largest of Melbourne 's inner city parks 450 acres (181 hectares).
It is located four kilometres (2.5 mi) north of the Melbourne CBD, in Victoria, Australia, in the suburb of Parkville.",https://upload.wikimedia.org/wikipedia/commons/4/44/Sunset_at_the_Royal_Park%2C_Melbourne.jpg
Leisure/Recreation,Informal Outdoor Facility (Park/Garden/Reserve),Princes Park,-37.78701617,144.9611152,"Princes Park is a 38.6HACTre (95.4 acre) park in the inner-Melbourne suburb of Carlton North, Victoria.
It is located directly north of the University of Melbourne and bounded on its eastern and western sides by Melbourne  General Cemetery and Royal Parade respectively Although the park consists of a number of Australian rules football  ovals, bowling green of the Prince's Park Carlton Bowls Club Bowls, and a small stretch of parkland, it is best known as the location of Ikon Park, the old Prince's Park Football Ground, the home of the Carlton Football Club. The park also contains a children's playground;  the Within Three Worlds sculpture;  a barbecue and picnic facilities.",https://upload.wikimedia.org/wikipedia/commons/d/de/Princes_Park%2C_Carlton_North%2C_Victoria%2C_Australia.jpg
Leisure/Recreation,Informal Outdoor Facility (Park/Garden/Reserve),Shrine of Rembrance Reserve,-37.8320734,144.9736284,"The Shrine of Remembrance (commonly referred to as The Shrine) is a war memorial in Melbourne, Victoria, Australia,  located in Kings Domain on St Kilda Road.
It was built to honour the men and women of Victoria who served in World War I, but now functions as a memorial to all Australians who have served in any war. It is a site of annual observances for  Anzac Day (25 April) and Remembrance Day (11 November), and is one of the largest war memorials in Australia",https://upload.wikimedia.org/wikipedia/commons/5/59/Shrine_of_Rememberance_%2811884180023%29.jpg
Leisure/Recreation,Informal Outdoor Facility (Park/Garden/Reserve),Royal Botanic Gardens,-37.83066316,144.9808504,Victoria are botanic gardens across two sites -- Melbourne and Cranbourne,https://upload.wikimedia.org/wikipedia/commons/7/7e/Royal_Botanic_Gardens_%28Entrance_Gate%29.jpg
Leisure/Recreation,Informal Outdoor Facility (Park/Garden/Reserve),Yarra Park,-37.82046937,144.9866711,"Yarra Park is part of the Melbourne Sports and Entertainment Precinct, the premier sporting precinct of Victoria, Australia. 
Located in Yarra Park is the Melbourne Cricket Ground and numerous sporting fields and ovals,
 including the associated sporting complexes of Melbourne and Olympic Parks",https://upload.wikimedia.org/wikipedia/commons/4/41/AFL_Grand_Final_2010_on_the_Melbourne_Cricket_Ground.jpg
Leisure/Recreation,Informal Outdoor Facility (Park/Garden/Reserve),Flagstaff Gardens,-37.81112229,144.9546961,"Flagstaff Gardens is the oldest park in Melbourne, Victoria, Australia, first established in 1862. Today it is one of the most visited and widely used parks in the city by residents, nearby office workers and tourists. The gardens are notable for their archaeological, horticultural, historical and social significance to the history of Melbourne.",https://upload.wikimedia.org/wikipedia/commons/7/74/Flagstaff_Gardens_Melbourne.jpg
Leisure/Recreation,"Outdoor Recreation Facility (Zoo, Golf Course)",Melbourne Showgrounds,-37.78230979,144.9108221,"The gardens are 7.2 hectares (18 acres) of Crown Land bounded by William, La Trobe, King and Dudley streets, managed by the City of Melbourne. On the southeast corner opposite is the entrance to Flagstaff railway station. Diagonally opposite stands the Victorian branch of the Royal Mint, established 7 August 1869. The former Royal Mint building is a well-preserved example of Victorian Gold Rush boom-period classical styled architecture. The facade features paired columns with scrolled capitals and the Royal Mint coat-of-arms.",https://upload.wikimedia.org/wikipedia/commons/7/78/Melbourne_Showgrounds_Grand_Pavilion_by_day.jpg
Leisure/Recreation,Informal Outdoor Facility (Park/Garden/Reserve),Fawkner Park,-37.84139967,144.9816257,"Fawkner Park is a popular park in Melbourne's South Yarra and part of the City of Melbourne.
It provides recreational areas for teams playing Cricket, Softball, Soccer, Australian Rules Football, Tennis and Rugby.",https://upload.wikimedia.org/wikipedia/commons/8/87/Fawkner_Park%2C_South_Yarra%2C_Victoria%2C_Australia.jpg
Leisure/Recreation,Informal Outdoor Facility (Park/Garden/Reserve),Fitzroy Gardens,-37.81296163,144.9804557,"The Fitzroy Gardens are 26 hectares (64 acres) located on the southeastern edge of the Melbourne Central Business  District in East Melbourne, Victoria, Australia.
The gardens are bounded by Clarendon Street, Albert Street, Lansdowne Street, and Wellington Parade with the Treasury Gardens across Lansdowne street to the west.",https://upload.wikimedia.org/wikipedia/commons/f/f6/English_Elm_avenue.jpg
Leisure/Recreation,Gymnasium/Health Club,"Carrum Downs, Victoria",-37.79970512,144.9403683,"Carrum Downs is a suburb in Melbourne, Victoria, Australia, 36 km south-east of Melbourne's Central Business District, located within the City of Frankston local government area. Carrum Downs recorded a population of 21,976 at the 2021 census.

Prior to December 1994 the majority of Carrum Downs was within the City of Cranbourne. However, following statewide local government reform, the suburb was moved to be part of a new, larger City of Frankston.",https://upload.wikimedia.org/wikipedia/commons/5/50/View-from-carrum-downs-of-dandenong-ranges.jpg
Leisure/Recreation,Major Sports & Recreation Facility,City Baths,-37.80715854,144.9631898,"The triangular site between Swanston, Victoria and Franklin streets was reserved for a public bath facility in 1850.

Melbourne City Council opened the first City Baths on 9 January 1860, which housed public baths (3 years after the opening of the London Baths). The objective was to stop people from bathing in the Yarra River, which by the 1850s had become quite polluted and the cause of an epidemic of typhoid fever, which hit the city resulting in many deaths. However, people continued to swim and drink the water. The baths were leased to a private operator, but lack of maintenance resulted in such deterioration of the building that the Baths were closed in 1899.",https://upload.wikimedia.org/wikipedia/commons/2/2a/Melbourne_City_Baths_2013.jpg
Leisure/Recreation,Major Sports & Recreation Facility,Etihad Stadium,-37.81617605,144.9474963,"Docklands Stadium, also currently known by naming rights sponsorship as Marvel Stadium,
is a multi-purpose sports and entertainment stadium in the Docklands area of Melbourne, Victoria,  Australia. Construction started in October 1997 and was completed in 2000 at a cost of A$460 million. The stadium  features a retractable roof and the ground level seating can be converted from oval to rectangular configuration.",https://upload.wikimedia.org/wikipedia/commons/a/a8/Marvel_Stadium_during_curtain_raiser.jpg
Leisure/Recreation,Observation Tower/Wheel,Eureka Skydeck 88,-37.82161876,144.9646222,"Eureka Tower is a 297.3m (975 ft) skyscraper located in the Southbank precinct of Melbourne, Victoria, Australia.Construction began in August 2002 and the exterior was completed on 1 June 2006. The plaza was finished in  June 2006 and the building was officially opened on 11 October 2006.
The project was designed by Melbourne architectural firm Fender Katsalidis Architects and was built by Grocon (Grollo  Australia).",https://upload.wikimedia.org/wikipedia/commons/2/22/Eureka_Tower%2C_Melbourne_-_Nov_2008.jpg
Leisure/Recreation,Informal Outdoor Facility (Park/Garden/Reserve),Sandridge Rail Bridge,-37.8201763,144.9629811,"The Sandridge Bridge is a historic bridge, originally carrying a railway, over the Yarra River in Melbourne, Victoria,  Australia.
 It runs diagonally to the river's banks and is 178.4 metres (585 ft) long. In 2006 it was dark redark as a pedestrian and cycle path featuring public art. It is the third bridge on the site and is listed on the Victorian  Heritage Register.",https://upload.wikimedia.org/wikipedia/commons/c/c2/Sandridge_Bridge_%28Built_in_1888%29.jpg
Place Of Assembly,Art Gallery/Museum,Old Melbourne Gaol Crime & Justice Experience,-37.80776441,144.9654639,"The Old Melbourne Gaol is a former jail and current museum on Russell Street, in Melbourne, Victoria, Australia.
It consists of a bluestone building and courtyard,  and is located next to the old City Police Watch House and City Courts buildings,  and opposite the Russell Street Police Headquarters. It was first constructed starting in 1839,  and during its operation as a prison between 1845 and 1924,  it held and executed some of Australia's most notorious criminals,  including bushranger Ned Kelly and serial killer Frederick Bailey Deeming. In total,  133 people were executed by hanging. Though it was used briefly during World War II,  it formally ceased operating as a prison in 1924;  with parts of the jail being incorporated into the RMIT University, and the rest becoming a museum.",https://upload.wikimedia.org/wikipedia/commons/3/36/Old_Melbourne_Gaol_aerial_1922_%28cropped%29.jpg
Place Of Assembly,Function/Conference/Exhibition Centre,Melbourne Exhibition Centre,-37.82524551,144.9543524,"The Melbourne Convention and Exhibition Centre is a group of three adjacent buildings next to the Yarra River in South  Wharf,
an inner-city suburb of Melbourne, Victoria,  Australia. The venues are owned and operated by the Melbourne Convention and Exhibition Trust.",https://upload.wikimedia.org/wikipedia/commons/3/3c/Melbourne_Conference_Centre_December_2012.JPG
Place Of Assembly,Function/Conference/Exhibition Centre,Melbourne Convention Centre,-37.82490405,144.9522883,"The Melbourne Convention and Exhibition Centre is a group of three adjacent buildings next to the Yarra River in South  Wharf,
an inner-city suburb of Melbourne, Victoria,  Australia. The venues are owned and operated by the Melbourne Convention and Exhibition Trust.",https://upload.wikimedia.org/wikipedia/commons/3/3c/Melbourne_Conference_Centre_December_2012.JPGG
Place Of Assembly,Art Gallery/Museum,Polly Woodside,-37.82425743,144.9534781,"Polly Woodside is a Belfast-built, three-masted, iron-hulled barque, preserved in Melbourne, Victoria (Australia),
and forming the central feature of the South Wharf precinct. The ship was originally built in Belfast by William J.  Woodside and was launched in 1885. Polly Woodside is typical of thousands of smaller iron barques built in the last days  of sail, intended for deep water trade around the world and designed to be operated as economically as possible.",https://upload.wikimedia.org/wikipedia/commons/f/f3/Polly_woodside-1w.jpg
Place Of Assembly,Art Gallery/Museum,Australian Centre for Contemporary Art,-37.82660454,144.9672529,"The Australian Centre For Contemporary Art (ACCA) is a contemporary art gallery in Melbourne, Australia.
The gallery is located on Sturt Street in the Melbourne Arts Precinct,  in the inner suburb of Southbank. Designed by Wood Marsh Architects, the building was completed in 2002,  and includes facilities for Chunky Move dance company and the Malthouse Theatre.",https://upload.wikimedia.org/wikipedia/commons/1/12/ACCA.jpg
Place Of Assembly,Art Gallery/Museum,Victorian Arts Centre,-37.82199473,144.9688373,"Arts Centre Melbourne, originally known as the Victorian Arts Centre and briefly called the Arts Centre,
Is a performing arts centre consisting of a complex of theatres and concert halls in the Melbourne arts Precinct. located in the central Melbourne suburb of Southbank in Victoria, Australia.",https://upload.wikimedia.org/wikipedia/commons/5/57/Arts_Centre_Spire_Pano%2C_Melbourne%2C_jjron%2C_29.09.2010.jpg
Place Of Assembly,Art Gallery/Museum,The Ian Potter Centre: NGV Australia,-37.81748314,144.969899,The Ian Potter Centre:  NGV Australia is an art gallery that houses the Australian part of the art collection of the National Gallery of  Victoria (NGV).,https://upload.wikimedia.org/wikipedia/commons/c/c0/Ian_Potter_Centre_Stairs.jpg
Place Of Assembly,Art Gallery/Museum,Melbourne Museum,-37.80355181,144.9716907,"The Melbourne Museum is a natural and cultural history museum located in the Carlton Gardens in Melbourne, Australia.",https://upload.wikimedia.org/wikipedia/commons/f/fc/Melbourne_museum_exterior_panorama.jpg
Place Of Assembly,Cinema,IMAX Melbourne,-37.80343156,144.9706399,movie threater,https://upload.wikimedia.org/wikipedia/commons/7/7c/Imax_theatre_melbourne.jpg
Place Of Assembly,Theatre Live,MTC Theatre,-37.82426618,144.9681744,"Southbank Theatre is a performing arts venue located in the Southbank region of Melbourne, Victoria.
It is the principal home of the Melbourne Theatre Company.[1] The theatre was designed by ARM Architecture (Ashton Raggatt McDougall), and opened in January 2009 with a production of Poor Boy starring Guy Pearce",https://upload.wikimedia.org/wikipedia/commons/9/98/Southbank_Theatre%2C_Melbourne.jpeg
Place Of Assembly,Theatre Live,Hamer Hall,-37.8199901,144.9679921,"Hamer Hall (former Melbourne Concert Hall) was a 2,466 seat former concert hall, the largest indoor venue at Arts Centre Melbourne,  used for orchestra and contemporary music performances. It was designed by Sir Roy Grounds as part of the Cultural  Centre that comprised the National Gallery of Victoria and the Victorian Arts Centre.
It was opened as the 'Melbourne Concert Hall' in 1982 (the Theatres Building opened in 1984) and was renamed Hamer Hall  in honour of Sir Rupert Hamer (the 39th Premier of Victoria) shortly after his death in 2004.",https://upload.wikimedia.org/wikipedia/commons/d/d6/Hamer_Hall_interior_pano.jpg
Place Of Assembly,Art Gallery/Museum,National Sports Museum,-37.81895449,144.9846698,"The Australian Sports Museum (formerly the National Sports Museum) is a museum dedicated to Australian sport and is  located within the Melbourne Cricket Ground in Melbourne, Australia. There are exhibits for sports such as cricket,  Australian rules football, the Summer and Winter Olympic Games, tennis, rugby league, rugby union, soccer, basketball,  Boxing and netball.
The Australian Sports Hall of Fame is also located within the museum along with the Australian Racing Museum and the  Melbourne Cricket Club Museum.",https://upload.wikimedia.org/wikipedia/commons/3/3c/National_Sports_Museum.JPG
Place Of Assembly,Art Gallery/Museum,Victoria Police Museum,-37.82221828,144.95404,"The Victoria Police Museum is a law enforcement museum operated by the Historical Services Unit within the Media and
Corporate Communications Department of Victoria Police. It is open to the public and is located in the mezzanine of the  WTC Wharf building in the city of Melbourne, Australia.",https://upload.wikimedia.org/wikipedia/commons/4/48/Victoria_Police_Museum.jpg
Place Of Assembly,Art Gallery/Museum,Immigration Museum,-37.81917988,144.9604268,"The Immigration Museum focuses on Melbourne and Victoria's Immigration history and celebrates The'm so of The community through shared storytelling.
Located on Flinders Street in Melbourne, Victoria in the Old Customs House, the heritage building was one of the first buildings in the city, Fawkner's Hotel,  built in 1835 by John Pascoe Fawkner, one of the founders of Melbourne.",https://upload.wikimedia.org/wikipedia/commons/d/de/Old_Customs_House_Melbourne.jpg
Place Of Assembly,Theatre Live,Forum Theatre,-37.81648541,144.9693866,"Forum Melbourne (originally the State Theatre) is a live music, cinema, theatre,  and event venue located on the corner of Flinders Street and Russell Street in Melbourne, Australia.
Built in 1929, it was designed by leading US 'picture palace' architect John Eberson, in association with the local architectural firm Bohringer, Taylor & Johnson. Designed as an ""Atmospheric theatre"",  the interior intended to evoke a Florentine walled garden,  complete with a cerulean-blue ceiling sprinkled with lights like twinkling stars, mimicking a twilight sky.",https://upload.wikimedia.org/wikipedia/commons/3/31/Melbourne_%28AU%29%2C_Forum_Melbourne_--_2019_--_1585.jpg
Place Of Assembly,Art Gallery/Museum,Fire Services Museum Victoria,-37.80857613,144.9753737,"Eastern Hill Fire Station is the central fire station of Melbourne, Victoria,  located on the corner of Victoria Parade and Gisborne Street at one of the highest points in the City.
The building has been recognised as historically significant by the Heritage Council of Victoria and is listed on the  Victorian Heritage Register. It no longer operates as a fire station but holds the Fire Services Museum of Victoria.",https://upload.wikimedia.org/wikipedia/commons/8/81/FS1_Old.jpg
Place Of Assembly,Art Gallery/Museum,The Ian Potter Museum Of Art,-37.79739396,144.9641567,"The Ian Potter Museum of Art at the University of Melbourne in Melbourne, Australia was established in 1972.
It houses the art collection of the University of Melbourne. Kelly Gellatly, was appointed in 2013. It is not to be confused with the Ian Potter Centre,another art gallery in Melbourne,  run by the National Gallery of Victoria",https://upload.wikimedia.org/wikipedia/commons/2/2b/Ian_potter_museum_of_art.jpg
Place Of Assembly,Art Gallery/Museum,Cooks' Cottage,-37.81446049,144.9794713,"Cooks' Cottage, previously known as Captain Cook's Cottage, located in the Fitzroy Gardens, Melbourne, Australia.
The cottage was constructed in 1755 in the English village of Great Ayton, North Yorkshire,  by the parents of Captain James Cook,  James and Grace Cook,and was brought to Melbourne in 1934 by Sir Russell Grimwade. It is a point of conjecture among  historians whether James Cook, the famous navigator, ever lived in the house,  but almost certainly he visited his parents at the house.",https://upload.wikimedia.org/wikipedia/commons/0/0a/Melbourne_Capt_Cooks_Cottage_-_outer00.jpg
Place Of Assembly,Art Gallery/Museum,Royal Exhibition Building,-37.80460262,144.9715219,"The Royal Exhibition Building is a World Heritage-listed building in Melbourne, Victoria, Australia,  built in 1879 -- 1880 as part of the international exhibition movement,
which presented over 50 exhibitions between 1851 and 1915 around the globe. The building sits on approximately 26  hectares (64 acres),  is 150 metres (490 ft) long and is surrounded by four city streets.[1] It is at 9 Nicholson Street in the Carlton  Gardens, flanked by Victoria, Carlton and Rathdowne Streets,  at the north-eastern edge of the central business district. It was built to host the Melbourne International Exhibition  in 1880-81, and then hosted the even Centennial International Exhibition in 1888, and the formal opening of the first Parliament of Australia in 1901. The building is representative of the money and  pride Victoria had in the 1870s.[2] Throughout the 20th century smaller sections and wings of the building were subject  to demolition and fire;  however, the main building, known as the Great Hall, survived.",https://upload.wikimedia.org/wikipedia/commons/4/43/Royal_exhibition_building_tulips_straight.jpg
Place Of Assembly,Art Gallery/Museum,Australian Centre For The Moving Image (ACMI),-37.81761073,144.9690704,"ACMI, formerly the Australian Centre for the Moving Image, is Australia's national museum of film, television,  videogames, and art.
ACMI was established in 2002 and is based at Federation Square in Melbourne, Victoria.",https://upload.wikimedia.org/wikipedia/commons/8/81/ACMI%2C_aerial_view_%28photo_by_Phoebe_Powell%29.jpg
Place Of Assembly,Function/Conference/Exhibition Centre,Dallas Brooks Centre,-37.80973741,144.9813834,"Dallas Brooks Hall was an Australian events venue in East Melbourne, Victoria. Built in 1969,
the building was named after the 19th Governor of Victoria,  Dallas Brooks. It was designed by the architecture firm Godfrey and Spowers. It was later,renamed the ""Dallas Brooks  Centre"".",https://upload.wikimedia.org/wikipedia/commons/d/d5/Dallas_brooks_hall_east_melbourne.jpg
Place Of Assembly,Art Gallery/Museum,"Chinese Museum, Melbourne",-37.81076861,144.9692339,"The Chinese Museum or Museum of Chinese Australian History[1] is an Australian history museum located in Melbourne's  Chinatown,
Which is dedicated to documenting, preserving and displaying the history, heritage and culture of Australia's Chinese community. The museum was established in 1985 with a charter to present the history of Australians of Chinese ancestry. An extensive refurbishment funded by the Victorian Government was completed  in 2010. Since then, the museum has also acted as a Chinatown Visitor Centre",https://upload.wikimedia.org/wikipedia/commons/5/50/The_entrance_of_the_Chinese_Museum%2C_Melbourne.jpg
Transport,Railway Station,Flemington Bridge Railway Station,-37.78816459,144.9392778,"Flemington Racecourse is a major horse racing venue located in Melbourne, Victoria, Australia.
It is most notable for hosting the Melbourne Cup, which is the world's richest handicap and the world's richest 3200-metre horse race. The racecourse is situated on low  alluvial flats, next to the Maribyrnong River. The area was first used for horse racing in March 1840.",https://upload.wikimedia.org/wikipedia/commons/4/48/Flemington_Bridge_Northbound_View.JPG
Transport,Railway Station,Flagstaff Railway Station,-37.81223565,144.9563182,"Flagstaff Gardens is the oldest park in Melbourne, Victoria, Australia, first established in 1862.
Today it is one of the most visited and widely used parks in the city by residents,  nearby office workers and tourists. The gardens are notable for their archaeological, horticultural,  historical and social significance to the history of Melbourne.",https://upload.wikimedia.org/wikipedia/commons/7/78/Flagstaff_station_platform_1_with_X%27Trapolis_train_on_Melbourne_City_Loop%2C_July_2023.jpg
Transport,Railway Station,Macaulay Railway Station (North Melbourne) - Train stop,-37.794964,144.9361908,"The park is freehold land owned by the City of Melbourne, covers approximately 10 hectares, and is triangular shaped.",https://upload.wikimedia.org/wikipedia/en/3/3b/North_Melbourne_Southbound_View.jpg
